NOME_OFICIAL;RPA;DISTRITO_SANITRIO;MICROREGIÏ;CAES;COD_NAT;TIPO_SERVIÏ;ENDEREÏ;BAIRRO;FONE;SERVIÏ;ESPECIALIDADE;COMO_USAR;HORRIO;ORDEM;LATITUDE;LONGITUDE
Academia da Cidade Polo ESEF;1;1;1.1;9999999;PROPRIO;POLO DE ACADEMIA DA CIDADE;AV GOVERNADOR AGAMENON MAGALHAES, S/N - SANTO AMARO;SANTO AMARO;3355-3820/2812;PAC;PRÁTICA DE ATIVIDADES FÍSICAS, LAZER E ORIENTAÇÃO PARA HÁBITOS SAUDÁVEIS, POTENCIALIZANDO A UTILIZAÇÃO DOS ESPAÇOS PÚBLICOS E ESTIMULANDO O PROTAGONISMO SOCIAL.;O acesso ao serviço pode ser tanto por encaminhamento de uma unidade de saúde, como de forma voluntária, sem pré-requisito para participar das aulas. As informações dos alunos serão levantadas durante o processo de Avaliação Física.;Segunda a sexta-feira das 5h30 às 11h30 e 14h às 20h. As atividades no Polo acontecem das 5h30 às 8h30 e das 17h às 20h.;8.01.0.0.0.00.001;-804.558.568.623;-348.863.634.317
US 356 Academia da Cidade Polo Ilha do Leite;1;1;1.2;6664253;PROPRIO;POLO DE ACADEMIA DA CIDADE;PRACA MIGUEL DE CERVANTES - ILHA DO LEITE;ILHA DO LEITE;3355-3820/2812;PAC;PRÁTICA DE ATIVIDADES FÍSICAS, LAZER E ORIENTAÇÃO PARA HÁBITOS SAUDÁVEIS, POTENCIALIZANDO A UTILIZAÇÃO DOS ESPAÇOS PÚBLICOS E ESTIMULANDO O PROTAGONISMO SOCIAL.;O acesso ao serviço pode ser tanto por encaminhamento de uma unidade de saúde, como de forma voluntária, sem pré-requisito para participar das aulas. As informações dos alunos serão levantadas durante o processo de Avaliação Física.;Segunda a sexta-feira das 5h30 às 11h30 e 14h às 20h. As atividades no Polo acontecem das 5h30 às 8h30 e das 17h às 20h.;8.01.0.0.0.00.002;-806.680.147.603;-348.935.535.599
US 357 Academia da Cidade Polo Coque;1;1;1.3;6664261;PROPRIO;POLO DE ACADEMIA DA CIDADE;AV MARTIN LUTHER KING, S/N - ILHA JOANA BEZERRA;ILHA JOANA BEZERRA;3355-3820/2812;PAC;PRÁTICA DE ATIVIDADES FÍSICAS, LAZER E ORIENTAÇÃO PARA HÁBITOS SAUDÁVEIS, POTENCIALIZANDO A UTILIZAÇÃO DOS ESPAÇOS PÚBLICOS E ESTIMULANDO O PROTAGONISMO SOCIAL.;O acesso ao serviço pode ser tanto por encaminhamento de uma unidade de saúde, como de forma voluntária, sem pré-requisito para participar das aulas. As informações dos alunos serão levantadas durante o processo de Avaliação Física.;Segunda a sexta-feira das 5h30 às 11h30 e 14h às 20h. As atividades no Polo acontecem das 5h30 às 8h30 e das 17h às 20h.;8.01.0.0.0.00.003;-806.951.728.716;-348.970.170.004
US 358 Academia da Cidade Polo Santo Amaro;1;1;1.1;6664288;PROPRIO;POLO DE ACADEMIA DA CIDADE;AV AGAMENON MAGALHAES , S/N - SANTO AMARO;SANTO AMARO;3355-2820/2812;PAC;PRÁTICA DE ATIVIDADES FÍSICAS, LAZER E ORIENTAÇÃO PARA HÁBITOS SAUDÁVEIS, POTENCIALIZANDO A UTILIZAÇÃO DOS ESPAÇOS PÚBLICOS E ESTIMULANDO O PROTAGONISMO SOCIAL.;O acesso ao serviço pode ser tanto por encaminhamento de uma unidade de saúde, como de forma voluntária, sem pré-requisito para participar das aulas. As informações dos alunos serão levantadas durante o processo de Avaliação Física.;Segunda a sexta-feira das 5h30 às 11h30 e 14h às 20h. As atividades no Polo acontecem das 5h30 às 8h30 e das 17h às 20h.;8.01.0.0.0.00.004;-804.438.595.882;-348.879.910.385
US 374 Academia da Cidade Polo 13 de Maio;1;1;1.1;6865003;PROPRIO;POLO DE ACADEMIA DA CIDADE;PRACA 13 DE MAIO - SANTO AMARO;SANTO AMARO;3355-3820/2812;PAC;PRÁTICA DE ATIVIDADES FÍSICAS, LAZER E ORIENTAÇÃO PARA HÁBITOS SAUDÁVEIS, POTENCIALIZANDO A UTILIZAÇÃO DOS ESPAÇOS PÚBLICOS E ESTIMULANDO O PROTAGONISMO SOCIAL.;O acesso ao serviço pode ser tanto por encaminhamento de uma unidade de saúde, como de forma voluntária, sem pré-requisito para participar das aulas. As informações dos alunos serão levantadas durante o processo de Avaliação Física.;Segunda a sexta-feira das 5h30 às 11h30 e 14h às 20h. As atividades no Polo acontecem das 5h30 às 8h30 e das 17h às 20h.;8.01.0.0.0.00.005;-805.665.819.351;-348.801.983.462
US 353 Academia da Cidade Polo Ilha de Joaneiro;2;2;2.1;6660398;PROPRIO;POLO DE ACADEMIA DA CIDADE;AV AGAMENON MAGALHAES  - TORREAO;TORREAO;3355-3820/2812;PAC;PRÁTICA DE ATIVIDADES FÍSICAS, LAZER E ORIENTAÇÃO PARA HÁBITOS SAUDÁVEIS, POTENCIALIZANDO A UTILIZAÇÃO DOS ESPAÇOS PÚBLICOS E ESTIMULANDO O PROTAGONISMO SOCIAL.;O acesso ao serviço pode ser tanto por encaminhamento de uma unidade de saúde, como de forma voluntária, sem pré-requisito para participar das aulas. As informações dos alunos serão levantadas durante o processo de Avaliação Física.;Segunda a sexta-feira das 5h30 às 11h30 e 14h às 20h. As atividades no Polo acontecem das 5h30 às 8h30 e das 17h às 20h.;8.01.0.0.0.00.006;-804.139.040.801;-348.833.405.866
US 354 Academia da Cidade Polo Alto do Capitão;2;2;2.3;6664237;PROPRIO;POLO DE ACADEMIA DA CIDADE;RUA TUPIRACABA, S/N1  - DOIS UNIDOS;DOIS UNIDOS;3355-3820/2812;PAC;PRÁTICA DE ATIVIDADES FÍSICAS, LAZER E ORIENTAÇÃO PARA HÁBITOS SAUDÁVEIS, POTENCIALIZANDO A UTILIZAÇÃO DOS ESPAÇOS PÚBLICOS E ESTIMULANDO O PROTAGONISMO SOCIAL.;O acesso ao serviço pode ser tanto por encaminhamento de uma unidade de saúde, como de forma voluntária, sem pré-requisito para participar das aulas. As informações dos alunos serão levantadas durante o processo de Avaliação Física.;Segunda a sexta-feira das 5h30 às 11h30 e 14h às 20h. As atividades no Polo acontecem das 5h30 às 8h30 e das 17h às 20h.;8.01.0.0.0.00.007;-799.964.346.254;-349.137.745.743
US 355 Academia da Cidade Polo Hipodrómo;2;2;2.1;6664245;PROPRIO;POLO DE ACADEMIA DA CIDADE;PRACA DO HIPODROMO - HIPODROMO;HIPODROMO;3355-3820/2812;PAC;PRÁTICA DE ATIVIDADES FÍSICAS, LAZER E ORIENTAÇÃO PARA HÁBITOS SAUDÁVEIS, POTENCIALIZANDO A UTILIZAÇÃO DOS ESPAÇOS PÚBLICOS E ESTIMULANDO O PROTAGONISMO SOCIAL.;O acesso ao serviço pode ser tanto por encaminhamento de uma unidade de saúde, como de forma voluntária, sem pré-requisito para participar das aulas. As informações dos alunos serão levantadas durante o processo de Avaliação Física.;Segunda a sexta-feira das 5h30 às 11h30 e 14h às 20h. As atividades no Polo acontecem das 5h30 às 8h30 e das 17h às 20h.;8.01.0.0.0.00.008;-803.222.202.174;-348.860.192
US 377 Academia da Cidade Polo Chié;2;2;2.1;6916317;PROPRIO;POLO DE ACADEMIA DA CIDADE;AV AGAMENON MAGALHAES - CAMPO GRANDE;CAMPO GRANDE;3355-3820/2812;PAC;PRÁTICA DE ATIVIDADES FÍSICAS, LAZER E ORIENTAÇÃO PARA HÁBITOS SAUDÁVEIS, POTENCIALIZANDO A UTILIZAÇÃO DOS ESPAÇOS PÚBLICOS E ESTIMULANDO O PROTAGONISMO SOCIAL.;O acesso ao serviço pode ser tanto por encaminhamento de uma unidade de saúde, como de forma voluntária, sem pré-requisito para participar das aulas. As informações dos alunos serão levantadas durante o processo de Avaliação Física.;Segunda a sexta-feira das 5h30 às 11h30 e 14h às 20h. As atividades no Polo acontecem das 5h30 às 8h30 e das 17h às 20h.;8.01.0.0.0.00.009;-80.381.328.724;-348.763.877.054
US 390 Academia da Cidade Polo CSU Afrânio Godoy;2;2;2.3;7172885;PROPRIO;POLO DE ACADEMIA DA CIDADE;AV ANIBAL BENEVOLO, S/N - LINHA DO TIRO;LINHA DO TIRO;3355-3820/2812;PAC;PRÁTICA DE ATIVIDADES FÍSICAS, LAZER E ORIENTAÇÃO PARA HÁBITOS SAUDÁVEIS, POTENCIALIZANDO A UTILIZAÇÃO DOS ESPAÇOS PÚBLICOS E ESTIMULANDO O PROTAGONISMO SOCIAL.;O acesso ao serviço pode ser tanto por encaminhamento de uma unidade de saúde, como de forma voluntária, sem pré-requisito para participar das aulas. As informações dos alunos serão levantadas durante o processo de Avaliação Física.;Segunda a sexta-feira das 5h30 às 11h30 e 14h às 20h. As atividades no Polo acontecem das 5h30 às 8h30 e das 17h às 20h.;8.01.0.0.0.00.010;-801.028.336.706;-349.032.775.387
US 391 Academia da Cidade Polo Chão de Estrelas;2;2;2.1;7172893;PROPRIO;POLO DE ACADEMIA DA CIDADE;RUA MARCILIO DIAS - CAMPINA DO BARRETO;CAMPINA DO BARRETO;3355-3820/2812;PAC;PRÁTICA DE ATIVIDADES FÍSICAS, LAZER E ORIENTAÇÃO PARA HÁBITOS SAUDÁVEIS, POTENCIALIZANDO A UTILIZAÇÃO DOS ESPAÇOS PÚBLICOS E ESTIMULANDO O PROTAGONISMO SOCIAL.;O acesso ao serviço pode ser tanto por encaminhamento de uma unidade de saúde, como de forma voluntária, sem pré-requisito para participar das aulas. As informações dos alunos serão levantadas durante o processo de Avaliação Física.;Segunda a sexta-feira das 5h30 às 11h30 e 14h às 20h. As atividades no Polo acontecem das 5h30 às 8h30 e das 17h às 20h.;8.01.0.0.0.00.011;-802.062.260.162;-348.796.835.915
US 392 Academia da Cidade Polo Jovem Cap;2;2;2.1;7172907;PROPRIO;POLO DE ACADEMIA DA CIDADE;RUA CORONEL URBANO RIBEIRO DE SOUZA S/N - CAMPINA DE BARRETO;CAMPINA DO BARRETO;3355-3820/2812;PAC;PRÁTICA DE ATIVIDADES FÍSICAS, LAZER E ORIENTAÇÃO PARA HÁBITOS SAUDÁVEIS, POTENCIALIZANDO A UTILIZAÇÃO DOS ESPAÇOS PÚBLICOS E ESTIMULANDO O PROTAGONISMO SOCIAL.;O acesso ao serviço pode ser tanto por encaminhamento de uma unidade de saúde, como de forma voluntária, sem pré-requisito para participar das aulas. As informações dos alunos serão levantadas durante o processo de Avaliação Física.;Segunda a sexta-feira das 5h30 às 11h30 e 14h às 20h. As atividades no Polo acontecem das 5h30 às 8h30 e das 17h às 20h.;8.01.0.0.0.00.012;-80.143.528.173;-348.832.520.436
Academia da Cidade Polo Ermírio de Moraes;3;3;3.2;9999999;PROPRIO;POLO DE ACADEMIA DA CIDADE;AV 17 DE AGOSTO, 2388 - CASA FORTE;CASA FORTE;3355-3820/2812;PAC;PRÁTICA DE ATIVIDADES FÍSICAS, LAZER E ORIENTAÇÃO PARA HÁBITOS SAUDÁVEIS, POTENCIALIZANDO A UTILIZAÇÃO DOS ESPAÇOS PÚBLICOS E ESTIMULANDO O PROTAGONISMO SOCIAL.;O acesso ao serviço pode ser tanto por encaminhamento de uma unidade de saúde, como de forma voluntária, sem pré-requisito para participar das aulas. As informações dos alunos serão levantadas durante o processo de Avaliação Física.;Segunda a sexta-feira das 5h30 às 11h30 e 14h às 20h. As atividades no Polo acontecem das 5h30 às 8h30 e das 17h às 20h.;8.01.0.0.0.00.013;-802.878.769.998;-349.252.285.074
US 359 Academia da Cidade Polo Sítio da Trindade;3;3;3.2;6664296;PROPRIO;POLO DE ACADEMIA DA CIDADE;ESTRADA DO ARRAIAL, S/N - CASA AMARELA;CASA AMARELA;3355-3820/2812;PAC;PRÁTICA DE ATIVIDADES FÍSICAS, LAZER E ORIENTAÇÃO PARA HÁBITOS SAUDÁVEIS, POTENCIALIZANDO A UTILIZAÇÃO DOS ESPAÇOS PÚBLICOS E ESTIMULANDO O PROTAGONISMO SOCIAL.;O acesso ao serviço pode ser tanto por encaminhamento de uma unidade de saúde, como de forma voluntária, sem pré-requisito para participar das aulas. As informações dos alunos serão levantadas durante o processo de Avaliação Física.;Segunda a sexta-feira das 5h30 às 11h30 e 14h às 20h. As atividades no Polo acontecem das 5h30 às 8h30 e das 17h às 20h.;8.01.0.0.0.00.014;-802.887.968.856;-349.121.723.101
US 360 Academia da Cidade Polo Morro da Conceição;3;7;7.1;6664318;PROPRIO;POLO DE ACADEMIA DA CIDADE;PRACA DO MORRO DA CONCEICAO, 589 - MORRO DA CONCEICAO;MORRO DA CONCEICAO;3355-3820/2812;PAC;PRÁTICA DE ATIVIDADES FÍSICAS, LAZER E ORIENTAÇÃO PARA HÁBITOS SAUDÁVEIS, POTENCIALIZANDO A UTILIZAÇÃO DOS ESPAÇOS PÚBLICOS E ESTIMULANDO O PROTAGONISMO SOCIAL.;O acesso ao serviço pode ser tanto por encaminhamento de uma unidade de saúde, como de forma voluntária, sem pré-requisito para participar das aulas. As informações dos alunos serão levantadas durante o processo de Avaliação Física.;Segunda a sexta-feira das 5h30 às 11h30 e 14h às 20h. As atividades no Polo acontecem das 5h30 às 8h30 e das 17h às 20h.;8.01.0.0.0.00.040;-801.947.724.447;-349.143.462.951
US 361 Academia da Cidade Polo Jaqueira;3;3;3.1;6664326;PROPRIO;POLO DE ACADEMIA DA CIDADE;RUA DO FUTURO, S/N - JAQUEIRA;JAQUEIRA;3355-3820/2812;PAC;PRÁTICA DE ATIVIDADES FÍSICAS, LAZER E ORIENTAÇÃO PARA HÁBITOS SAUDÁVEIS, POTENCIALIZANDO A UTILIZAÇÃO DOS ESPAÇOS PÚBLICOS E ESTIMULANDO O PROTAGONISMO SOCIAL.;O acesso ao serviço pode ser tanto por encaminhamento de uma unidade de saúde, como de forma voluntária, sem pré-requisito para participar das aulas. As informações dos alunos serão levantadas durante o processo de Avaliação Física.;Segunda a sexta-feira das 5h30 às 11h30 e 14h às 20h. As atividades no Polo acontecem das 5h30 às 8h30 e das 17h às 20h.;8.01.0.0.0.00.015;-803.652.441.201;-349.046.906.264
US 380 Academia da Cidade Polo Buriti;3;7;7.3;7018339;PROPRIO;POLO DE ACADEMIA DA CIDADE;AVENIDA NORTE, S/N - MACAXEIRA;MACAXEIRA;3355-3820/2812;PAC;PRÁTICA DE ATIVIDADES FÍSICAS, LAZER E ORIENTAÇÃO PARA HÁBITOS SAUDÁVEIS, POTENCIALIZANDO A UTILIZAÇÃO DOS ESPAÇOS PÚBLICOS E ESTIMULANDO O PROTAGONISMO SOCIAL.;O acesso ao serviço pode ser tanto por encaminhamento de uma unidade de saúde, como de forma voluntária, sem pré-requisito para participar das aulas. As informações dos alunos serão levantadas durante o processo de Avaliação Física.;Segunda a sexta-feira das 5h30 às 11h30 e 14h às 20h. As atividades no Polo acontecem das 5h30 às 8h30 e das 17h às 20h.;8.01.0.0.0.00.041;-801.674.267.147;-34.929.314.827
US 387 Academia da Cidade Polo Vila Um Por Todos;3;7;7.1;7135823;PROPRIO;POLO DE ACADEMIA DA CIDADE;RUA VASCO DA GAMA, S/N - VASCO DA GAMA;VASCO DA GAMA;3355-3820/2812;PAC;PRÁTICA DE ATIVIDADES FÍSICAS, LAZER E ORIENTAÇÃO PARA HÁBITOS SAUDÁVEIS, POTENCIALIZANDO A UTILIZAÇÃO DOS ESPAÇOS PÚBLICOS E ESTIMULANDO O PROTAGONISMO SOCIAL.;O acesso ao serviço pode ser tanto por encaminhamento de uma unidade de saúde, como de forma voluntária, sem pré-requisito para participar das aulas. As informações dos alunos serão levantadas durante o processo de Avaliação Física.;Segunda a sexta-feira das 5h30 às 11h30 e 14h às 20h. As atividades no Polo acontecem das 5h30 às 8h30 e das 17h às 20h.;8.01.0.0.0.00.042;-801.016.767.506;-34.922.468.621
US 389 Academia da Cidade Polo Parque Santana;3;3;3.2;7172877;PROPRIO;POLO DE ACADEMIA DA CIDADE;RUA SANTANA, S/N - SANTANA;SANTANA;3355-3820/2812;PAC;PRÁTICA DE ATIVIDADES FÍSICAS, LAZER E ORIENTAÇÃO PARA HÁBITOS SAUDÁVEIS, POTENCIALIZANDO A UTILIZAÇÃO DOS ESPAÇOS PÚBLICOS E ESTIMULANDO O PROTAGONISMO SOCIAL.;O acesso ao serviço pode ser tanto por encaminhamento de uma unidade de saúde, como de forma voluntária, sem pré-requisito para participar das aulas. As informações dos alunos serão levantadas durante o processo de Avaliação Física.;Segunda a sexta-feira das 5h30 às 11h30 e 14h às 20h. As atividades no Polo acontecem das 5h30 às 8h30 e das 17h às 20h.;8.01.0.0.0.00.016;-804.194.230.138;-34.918.012.762
US 362 Academia da Cidade Polo Avenida do Forte;4;4;4.1;6664660;PROPRIO;POLO DE ACADEMIA DA CIDADE;PRACA DA AVENIDA DO FORTE - CORDEIRO;CORDEIRO;3355-3820/2812;PAC;PRÁTICA DE ATIVIDADES FÍSICAS, LAZER E ORIENTAÇÃO PARA HÁBITOS SAUDÁVEIS, POTENCIALIZANDO A UTILIZAÇÃO DOS ESPAÇOS PÚBLICOS E ESTIMULANDO O PROTAGONISMO SOCIAL.;O acesso ao serviço pode ser tanto por encaminhamento de uma unidade de saúde, como de forma voluntária, sem pré-requisito para participar das aulas. As informações dos alunos serão levantadas durante o processo de Avaliação Física.;Segunda a sexta-feira das 5h30 às 11h30 e 14h às 20h. As atividades no Polo acontecem das 5h30 às 8h30 e das 17h às 20h.;8.01.0.0.0.00.017;-805.745.822.424;-349.312.150.876
US 363 Academia da Cidade Polo Beira Rio;4;4;4.1;6664679;PROPRIO;POLO DE ACADEMIA DA CIDADE;AV BEIRA RIO, S/N - TORRE;TORRE;3355-3820/2812;PAC;PRÁTICA DE ATIVIDADES FÍSICAS, LAZER E ORIENTAÇÃO PARA HÁBITOS SAUDÁVEIS, POTENCIALIZANDO A UTILIZAÇÃO DOS ESPAÇOS PÚBLICOS E ESTIMULANDO O PROTAGONISMO SOCIAL.;O acesso ao serviço pode ser tanto por encaminhamento de uma unidade de saúde, como de forma voluntária, sem pré-requisito para participar das aulas. As informações dos alunos serão levantadas durante o processo de Avaliação Física.;Segunda a sexta-feira das 5h30 às 11h30 e 14h às 20h. As atividades no Polo acontecem das 5h30 às 8h30 e das 17h às 20h.;8.01.0.0.0.00.018;-804.611.821.551;-34.904.013.158
US 364 Academia da Cidade Polo  do Engenho do Meio;4;4;4.2;6664717;PROPRIO;POLO DE ACADEMIA DA CIDADE;PRACA DO ENGENHO DO MEIO - ENGENHO DO MEIO;ENGENHO DO MEIO;3355-3820/2812;PAC;PRÁTICA DE ATIVIDADES FÍSICAS, LAZER E ORIENTAÇÃO PARA HÁBITOS SAUDÁVEIS, POTENCIALIZANDO A UTILIZAÇÃO DOS ESPAÇOS PÚBLICOS E ESTIMULANDO O PROTAGONISMO SOCIAL.;O acesso ao serviço pode ser tanto por encaminhamento de uma unidade de saúde, como de forma voluntária, sem pré-requisito para participar das aulas. As informações dos alunos serão levantadas durante o processo de Avaliação Física.;Segunda a sexta-feira das 5h30 às 11h30 e 14h às 20h. As atividades no Polo acontecem das 5h30 às 8h30 e das 17h às 20h.;8.01.0.0.0.00.019;-805.759.961.826;-349.433.990.095
US 365 Academia da Cidade Polo Praça do Poeta;4;4;4.3;6664741;PROPRIO;POLO DE ACADEMIA DA CIDADE;PRACA DO POETA/VARZEA - VARZEA;VARZEA;3355-3820/2812;PAC;PRÁTICA DE ATIVIDADES FÍSICAS, LAZER E ORIENTAÇÃO PARA HÁBITOS SAUDÁVEIS, POTENCIALIZANDO A UTILIZAÇÃO DOS ESPAÇOS PÚBLICOS E ESTIMULANDO O PROTAGONISMO SOCIAL.;O acesso ao serviço pode ser tanto por encaminhamento de uma unidade de saúde, como de forma voluntária, sem pré-requisito para participar das aulas. As informações dos alunos serão levantadas durante o processo de Avaliação Física.;Segunda a sexta-feira das 5h30 às 11h30 e 14h às 20h. As atividades no Polo acontecem das 5h30 às 8h30 e das 17h às 20h.;8.01.0.0.0.00.020;-803.452.817.704;-34.950.385.768
US 375 Academia da Cidade Polo Praça do Salgueiro;4;4;4.1;6865054;PROPRIO;POLO DE ACADEMIA DA CIDADE;PRACA DO SALGUEIRO - IPUTINGA;IPUTINGA;3355-3820/2812;PAC;PRÁTICA DE ATIVIDADES FÍSICAS, LAZER E ORIENTAÇÃO PARA HÁBITOS SAUDÁVEIS, POTENCIALIZANDO A UTILIZAÇÃO DOS ESPAÇOS PÚBLICOS E ESTIMULANDO O PROTAGONISMO SOCIAL.;O acesso ao serviço pode ser tanto por encaminhamento de uma unidade de saúde, como de forma voluntária, sem pré-requisito para participar das aulas. As informações dos alunos serão levantadas durante o processo de Avaliação Física.;Segunda a sexta-feira das 5h30 às 11h30 e 14h às 20h. As atividades no Polo acontecem das 5h30 às 8h30 e das 17h às 20h.;8.01.0.0.0.00.021;-804.286.115.714;-349.383.461.145
US 382 Academia da Cidade Polo Várzea;4;4;4.3;7018452;PROPRIO;POLO DE ACADEMIA DA CIDADE;RUA CEL PACHECO - VARZEA;VARZEA;3355-3820/2812;PAC;PRÁTICA DE ATIVIDADES FÍSICAS, LAZER E ORIENTAÇÃO PARA HÁBITOS SAUDÁVEIS, POTENCIALIZANDO A UTILIZAÇÃO DOS ESPAÇOS PÚBLICOS E ESTIMULANDO O PROTAGONISMO SOCIAL.;O acesso ao serviço pode ser tanto por encaminhamento de uma unidade de saúde, como de forma voluntária, sem pré-requisito para participar das aulas. As informações dos alunos serão levantadas durante o processo de Avaliação Física.;Segunda a sexta-feira das 5h30 às 11h30 e 14h às 20h. As atividades no Polo acontecem das 5h30 às 8h30 e das 17h às 20h.;8.01.0.0.0.00.022;-804.921.717.344;-349.594.670.923
US 386 Academia da Cidade Polo Roda de Fogo;4;4;4.2;7135874;PROPRIO;POLO DE ACADEMIA DA CIDADE;AV PROFESSOR ARTUR COUTINHO, S/N - TORROES;TORROES;3355-3820/2812;PAC;PRÁTICA DE ATIVIDADES FÍSICAS, LAZER E ORIENTAÇÃO PARA HÁBITOS SAUDÁVEIS, POTENCIALIZANDO A UTILIZAÇÃO DOS ESPAÇOS PÚBLICOS E ESTIMULANDO O PROTAGONISMO SOCIAL.;O acesso ao serviço pode ser tanto por encaminhamento de uma unidade de saúde, como de forma voluntária, sem pré-requisito para participar das aulas. As informações dos alunos serão levantadas durante o processo de Avaliação Física.;Segunda a sexta-feira das 5h30 às 11h30 e 14h às 20h. As atividades no Polo acontecem das 5h30 às 8h30 e das 17h às 20h.;8.01.0.0.0.00.023;-805.809.741.458;-349.374.035.332
US 398 Academia da Cidade Polo Cavouco;4;4;4.1;7626118;PROPRIO;POLO DE ACADEMIA DA CIDADE;AVENIDA ALVARES PEREIRA DE LIRA - IPUTINGA;IPUTINGA;3355-3820/2812;PAC;PRÁTICA DE ATIVIDADES FÍSICAS, LAZER E ORIENTAÇÃO PARA HÁBITOS SAUDÁVEIS, POTENCIALIZANDO A UTILIZAÇÃO DOS ESPAÇOS PÚBLICOS E ESTIMULANDO O PROTAGONISMO SOCIAL.;O acesso ao serviço pode ser tanto por encaminhamento de uma unidade de saúde, como de forma voluntária, sem pré-requisito para participar das aulas. As informações dos alunos serão levantadas durante o processo de Avaliação Física.;Segunda a sexta-feira das 5h30 às 11h30 e 14h às 20h. As atividades no Polo acontecem das 5h30 às 8h30 e das 17h às 20h.;8.01.0.0.0.00.024;-804.533.316.727;-349.314.504.727
US 366 Academia da Cidade Polo Jardim São Paulo;5;5;5.3;6664806;PROPRIO;POLO DE ACADEMIA DA CIDADE;PRACA DE JARDIM SAO PAULO - JARDIM SAO PAULO;JARDIM SAO PAULO;3355-3820/2812;PAC;PRÁTICA DE ATIVIDADES FÍSICAS, LAZER E ORIENTAÇÃO PARA HÁBITOS SAUDÁVEIS, POTENCIALIZANDO A UTILIZAÇÃO DOS ESPAÇOS PÚBLICOS E ESTIMULANDO O PROTAGONISMO SOCIAL.;O acesso ao serviço pode ser tanto por encaminhamento de uma unidade de saúde, como de forma voluntária, sem pré-requisito para participar das aulas. As informações dos alunos serão levantadas durante o processo de Avaliação Física.;Segunda a sexta-feira das 5h30 às 11h30 e 14h às 20h. As atividades no Polo acontecem das 5h30 às 8h30 e das 17h às 20h.;8.01.0.0.0.00.025;-808.161.222.638;-349.382.653.115
US 367 Academia da Cidade Polo San Martim;5;5;5.1;6664814;PROPRIO;POLO DE ACADEMIA DA CIDADE;PATIO DE EVENTOS NOEL RODRIGUES  - SAN MARTIN;SAN MARTIN;3355-3820/2812;PAC;PRÁTICA DE ATIVIDADES FÍSICAS, LAZER E ORIENTAÇÃO PARA HÁBITOS SAUDÁVEIS, POTENCIALIZANDO A UTILIZAÇÃO DOS ESPAÇOS PÚBLICOS E ESTIMULANDO O PROTAGONISMO SOCIAL.;O acesso ao serviço pode ser tanto por encaminhamento de uma unidade de saúde, como de forma voluntária, sem pré-requisito para participar das aulas. As informações dos alunos serão levantadas durante o processo de Avaliação Física.;Segunda a sexta-feira das 5h30 às 11h30 e 14h às 20h. As atividades no Polo acontecem das 5h30 às 8h30 e das 17h às 20h.;8.01.0.0.0.00.026;-806.698.854.141;-349.273.909.545
US 379 Academia da Cidade Polo Simão Borba;5;5;5.2;7018266;PROPRIO;POLO DE ACADEMIA DA CIDADE;RUA SIMAO BORBA, S/N - AREIAS;AREIAS;3355-3820/2812;PAC;PRÁTICA DE ATIVIDADES FÍSICAS, LAZER E ORIENTAÇÃO PARA HÁBITOS SAUDÁVEIS, POTENCIALIZANDO A UTILIZAÇÃO DOS ESPAÇOS PÚBLICOS E ESTIMULANDO O PROTAGONISMO SOCIAL.;O acesso ao serviço pode ser tanto por encaminhamento de uma unidade de saúde, como de forma voluntária, sem pré-requisito para participar das aulas. As informações dos alunos serão levantadas durante o processo de Avaliação Física.;Segunda a sexta-feira das 5h30 às 11h30 e 14h às 20h. As atividades no Polo acontecem das 5h30 às 8h30 e das 17h às 20h.;8.01.0.0.0.00.027;-809.691.264.459;-349.249.195.116
US 381 Academia da Cidade Polo Hérois da Restauração;5;5;5.2;7018371;PROPRIO;POLO DE ACADEMIA DA CIDADE;RUA IPOJUCA - AREIAS;AREIAS;3355-3820/2812;PAC;PRÁTICA DE ATIVIDADES FÍSICAS, LAZER E ORIENTAÇÃO PARA HÁBITOS SAUDÁVEIS, POTENCIALIZANDO A UTILIZAÇÃO DOS ESPAÇOS PÚBLICOS E ESTIMULANDO O PROTAGONISMO SOCIAL.;O acesso ao serviço pode ser tanto por encaminhamento de uma unidade de saúde, como de forma voluntária, sem pré-requisito para participar das aulas. As informações dos alunos serão levantadas durante o processo de Avaliação Física.;Segunda a sexta-feira das 5h30 às 11h30 e 14h às 20h. As atividades no Polo acontecem das 5h30 às 8h30 e das 17h às 20h.;8.01.0.0.0.00.028;-80.972.479.278;-349.356.579.623
US 383 Academia da Cidade Polo Lavadeiras;5;5;5.2;7018495;PROPRIO;POLO DE ACADEMIA DA CIDADE;RUA PALMARES, S/N - AREIAS;AREIAS;3355-3820/2812;PAC;PRÁTICA DE ATIVIDADES FÍSICAS, LAZER E ORIENTAÇÃO PARA HÁBITOS SAUDÁVEIS, POTENCIALIZANDO A UTILIZAÇÃO DOS ESPAÇOS PÚBLICOS E ESTIMULANDO O PROTAGONISMO SOCIAL.;O acesso ao serviço pode ser tanto por encaminhamento de uma unidade de saúde, como de forma voluntária, sem pré-requisito para participar das aulas. As informações dos alunos serão levantadas durante o processo de Avaliação Física.;Segunda a sexta-feira das 5h30 às 11h30 e 14h às 20h. As atividades no Polo acontecem das 5h30 às 8h30 e das 17h às 20h.;8.01.0.0.0.00.029;-809.453.667.719;-349.366.927.744
US 388 Academia da Cidade Polo ABC;5;5;5.1;7172869;PROPRIO;POLO DE ACADEMIA DA CIDADE;AV MANOEL GONCALVES DA LUZ - MUSTARDINHA;MUSTARDINHA;3355-3820/2812;PAC;PRÁTICA DE ATIVIDADES FÍSICAS, LAZER E ORIENTAÇÃO PARA HÁBITOS SAUDÁVEIS, POTENCIALIZANDO A UTILIZAÇÃO DOS ESPAÇOS PÚBLICOS E ESTIMULANDO O PROTAGONISMO SOCIAL.;O acesso ao serviço pode ser tanto por encaminhamento de uma unidade de saúde, como de forma voluntária, sem pré-requisito para participar das aulas. As informações dos alunos serão levantadas durante o processo de Avaliação Física.;Segunda a sexta-feira das 5h30 às 11h30 e 14h às 20h. As atividades no Polo acontecem das 5h30 às 8h30 e das 17h às 20h.;8.01.0.0.0.00.030;-807.335.931.705;-349.186.726.007
US 396 Academia da Cidade Polo Vila dos Milagres;5;8;8.3;7508557;PROPRIO;POLO DE ACADEMIA DA CIDADE;RUA CANTORA DALVA DE OLIVEIRA, S/N - BARRO;BARRO;3355-3820/2812;PAC;PRÁTICA DE ATIVIDADES FÍSICAS, LAZER E ORIENTAÇÃO PARA HÁBITOS SAUDÁVEIS, POTENCIALIZANDO A UTILIZAÇÃO DOS ESPAÇOS PÚBLICOS E ESTIMULANDO O PROTAGONISMO SOCIAL.;O acesso ao serviço pode ser tanto por encaminhamento de uma unidade de saúde, como de forma voluntária, sem pré-requisito para participar das aulas. As informações dos alunos serão levantadas durante o processo de Avaliação Física.;Segunda a sexta-feira das 5h30 às 11h30 e 14h às 20h. As atividades no Polo acontecem das 5h30 às 8h30 e das 17h às 20h.;8.01.0.0.0.00.031;-810.781.659.674;-349.547.210.713
US 368 Academia da Cidade Polo Boa Viagem;6;6;6.3;6664911;PROPRIO;POLO DE ACADEMIA DA CIDADE;SEGUNDO JARDIM DE BOA VIAGEM  - BOA VIAGEM;BOA VIAGEM;3355-3820/2812;PAC;PRÁTICA DE ATIVIDADES FÍSICAS, LAZER E ORIENTAÇÃO PARA HÁBITOS SAUDÁVEIS, POTENCIALIZANDO A UTILIZAÇÃO DOS ESPAÇOS PÚBLICOS E ESTIMULANDO O PROTAGONISMO SOCIAL.;O acesso ao serviço pode ser tanto por encaminhamento de uma unidade de saúde, como de forma voluntária, sem pré-requisito para participar das aulas. As informações dos alunos serão levantadas durante o processo de Avaliação Física.;Segunda a sexta-feira das 5h30 às 11h30 e 14h às 20h. As atividades no Polo acontecem das 5h30 às 8h30 e das 17h às 20h.;8.01.0.0.0.00.032;-810.607.218.691;-348.869.433.427
US 369 Academia da Cidade Polo Brasilia Teimosa;6;6;6.1;6665012;PROPRIO;POLO DE ACADEMIA DA CIDADE;AVENIDA BRASÍLIA FORMOSA, S/N  - BRASILIA TEIMOSA;BRASILIA TEIMOSA;3355-3820/2812;PAC;PRÁTICA DE ATIVIDADES FÍSICAS, LAZER E ORIENTAÇÃO PARA HÁBITOS SAUDÁVEIS, POTENCIALIZANDO A UTILIZAÇÃO DOS ESPAÇOS PÚBLICOS E ESTIMULANDO O PROTAGONISMO SOCIAL.;O acesso ao serviço pode ser tanto por encaminhamento de uma unidade de saúde, como de forma voluntária, sem pré-requisito para participar das aulas. As informações dos alunos serão levantadas durante o processo de Avaliação Física.;Segunda a sexta-feira das 5h30 às 11h30 e 14h às 20h. As atividades no Polo acontecem das 5h30 às 8h30 e das 17h às 20h.;8.01.0.0.0.00.033;-808.135.223.168;-3.487.701.024
US 370 Academia da Cidade Polo IBURA;6;8;8.3;6665020;PROPRIO;POLO DE ACADEMIA DA CIDADE;AVENIDA PERNAMBUCO, UR 01  - COHAB;COHAB;3355-3820/2812;PAC;PRÁTICA DE ATIVIDADES FÍSICAS, LAZER E ORIENTAÇÃO PARA HÁBITOS SAUDÁVEIS, POTENCIALIZANDO A UTILIZAÇÃO DOS ESPAÇOS PÚBLICOS E ESTIMULANDO O PROTAGONISMO SOCIAL.;O acesso ao serviço pode ser tanto por encaminhamento de uma unidade de saúde, como de forma voluntária, sem pré-requisito para participar das aulas. As informações dos alunos serão levantadas durante o processo de Avaliação Física.;Segunda a sexta-feira das 5h30 às 11h30 e 14h às 20h. As atividades no Polo acontecem das 5h30 às 8h30 e das 17h às 20h.;8.01.0.0.0.00.034;-811.820.709.692;-34.946.116.654
US 371 Academia da Cidade Polo IPSEP;6;6;6.2;6665063;PROPRIO;POLO DE ACADEMIA DA CIDADE;PRACA SENADOR ROBERTO KENEDY - IPSEP;IPSEP;3355-3820/2812;PAC;PRÁTICA DE ATIVIDADES FÍSICAS, LAZER E ORIENTAÇÃO PARA HÁBITOS SAUDÁVEIS, POTENCIALIZANDO A UTILIZAÇÃO DOS ESPAÇOS PÚBLICOS E ESTIMULANDO O PROTAGONISMO SOCIAL.;O acesso ao serviço pode ser tanto por encaminhamento de uma unidade de saúde, como de forma voluntária, sem pré-requisito para participar das aulas. As informações dos alunos serão levantadas durante o processo de Avaliação Física.;Segunda a sexta-feira das 5h30 às 11h30 e 14h às 20h. As atividades no Polo acontecem das 5h30 às 8h30 e das 17h às 20h.;8.01.0.0.0.00.035;-811.610.010.389;-349.190.577.015
US 372 Academia da Cidade Polo Lagoa do Araça;6;6;6.2;6665071;PROPRIO;POLO DE ACADEMIA DA CIDADE;AV JOSE F LINS, LAGOA DO ARACA  - IMBIRIBEIRA;IMBIRIBEIRA;3355-3820/2812;PAC;PRÁTICA DE ATIVIDADES FÍSICAS, LAZER E ORIENTAÇÃO PARA HÁBITOS SAUDÁVEIS, POTENCIALIZANDO A UTILIZAÇÃO DOS ESPAÇOS PÚBLICOS E ESTIMULANDO O PROTAGONISMO SOCIAL.;O acesso ao serviço pode ser tanto por encaminhamento de uma unidade de saúde, como de forma voluntária, sem pré-requisito para participar das aulas. As informações dos alunos serão levantadas durante o processo de Avaliação Física.;Segunda a sexta-feira das 5h30 às 11h30 e 14h às 20h. As atividades no Polo acontecem das 5h30 às 8h30 e das 17h às 20h.;8.01.0.0.0.00.036;-809.614.153.004;-349.139.499.455
US 384 Academia da Cidade Polo Cafesopolis;6;6;6.2;7018525;PROPRIO;POLO DE ACADEMIA DA CIDADE;RUA CAFESOPOLIS, S/N - IMBIRIBEIRA;IMBIRIBEIRA;3355-3820/2812;PAC;PRÁTICA DE ATIVIDADES FÍSICAS, LAZER E ORIENTAÇÃO PARA HÁBITOS SAUDÁVEIS, POTENCIALIZANDO A UTILIZAÇÃO DOS ESPAÇOS PÚBLICOS E ESTIMULANDO O PROTAGONISMO SOCIAL.;O acesso ao serviço pode ser tanto por encaminhamento de uma unidade de saúde, como de forma voluntária, sem pré-requisito para participar das aulas. As informações dos alunos serão levantadas durante o processo de Avaliação Física.;Segunda a sexta-feira das 5h30 às 11h30 e 14h às 20h. As atividades no Polo acontecem das 5h30 às 8h30 e das 17h às 20h.;8.01.0.0.0.00.037;-810.002.308.772;-349.088.189.256
US 385 Academia da Cidade Polo Jordão Baixo;6;8;8.2;7057466;PROPRIO;POLO DE ACADEMIA DA CIDADE;AV ALBERTO LUNDGREN, S/N - JORDAO;JORDAO;3355-3820/2812;PAC;PRÁTICA DE ATIVIDADES FÍSICAS, LAZER E ORIENTAÇÃO PARA HÁBITOS SAUDÁVEIS, POTENCIALIZANDO A UTILIZAÇÃO DOS ESPAÇOS PÚBLICOS E ESTIMULANDO O PROTAGONISMO SOCIAL.;O acesso ao serviço pode ser tanto por encaminhamento de uma unidade de saúde, como de forma voluntária, sem pré-requisito para participar das aulas. As informações dos alunos serão levantadas durante o processo de Avaliação Física.;Segunda a sexta-feira das 5h30 às 11h30 e 14h às 20h. As atividades no Polo acontecem das 5h30 às 8h30 e das 17h às 20h.;8.01.0.0.0.00.038;-813.671.884.728;-349.369.062.641
US 402 Academia da Cidade Polo UR 5;6;8;8.3;7977018;PROPRIO;POLO DE ACADEMIA DA CIDADE;RUA CAPITAO VICENTE CURADO;COHAB;3355-3820/2812;PAC;PRÁTICA DE ATIVIDADES FÍSICAS, LAZER E ORIENTAÇÃO PARA HÁBITOS SAUDÁVEIS, POTENCIALIZANDO A UTILIZAÇÃO DOS ESPAÇOS PÚBLICOS E ESTIMULANDO O PROTAGONISMO SOCIAL.;O acesso ao serviço pode ser tanto por encaminhamento de uma unidade de saúde, como de forma voluntária, sem pré-requisito para participar das aulas. As informações dos alunos serão levantadas durante o processo de Avaliação Física.;Segunda a sexta-feira das 5h30 às 11h30 e 14h às 20h. As atividades no Polo acontecem das 5h30 às 8h30 e das 17h às 20h.;8.01.0.0.0.00.039;-813.246.191.873;-349.488.805.949
