,inep_escola,nome_escola,latitude,longitude,cep,endereco,bairro,telefone,email
0,26121786,ESCOLA MUNICIPAL REITOR JOAO ALFREDO,-8064733,-34895485,50070460,SENADOR JOSE HENRIQUE,ILHA DO LEITE,32325917.0,CMRJA@HOTMAIL.COM
1,26123550,ESCOLA MUNICIPAL DE TEJIPIO,-80864,-3496858,50930100,TUTOIA,COQUEIRAL,32322523.0,
2,26127369,ESCOLA MUNICIPAL ARRAIAL NOVO DO BOM JESUS,-8058692,-34931913,50640000,DO FORTE,TORROES,32327513.0,ESCOLAARRAIALNOVO@HOTMAIL.COM
3,26121255,ESCOLA MUNICIPAL PROFESSOR JOSE DA COSTA PORTO,-8071752,-34900463,50080180,CABO EUTROPIO,ILHA JOANA BEZERRA,32322210.0,
4,26121077,ESCOLA MUNICIPAL SANTA MARIA,-8021894,-34908724,52210240,ACAIACA,ALTO JOSE DO PINHO,32324240.0,
5,26118734,ESCOLA MUNICIPAL MONTEIRO LOBATO,-8017867,-34874481,52125290,JARDIM BRASILIA,PEIXINHOS,32327705.0,
6,26128640,ESCOLA MUNICIPAL ANTONIO HERACLIO DO REGO,-8019013,-34889153,52120520,MANOEL SILVA,FUNDAO,32327811.0,EMANTONIOHERACLIO@YAHOO.COM.BR
7,26128390,ESCOLA MUNICIPAL PAULO VI,-8007536,-34904668,52131210,GUAIRA,LINHA DO TIRO,32327828.0,ESCOLAPAULOSEXTO@HOTMAIL.COM
8,26124556,ESCOLA MUNICIPAL MARIA SAMPAIO LUCENA,-8120811,-34946711,51280000,PERNAMBUCO,COHAB,32323114.0,
9,26126630,ESCOLA MUNICIPAL SAO CRISTOVAO,-7993272,-3493535,52291140,CASSITERITA,BREJO DA GUABIRABA,32324148.0,
10,26122529,ESCOLA MUNICIPAL MARIO MELO,-8028455,-34879574,52040250,OLIVEIRA FONSECA,CAMPO GRANDE,32327702.0,ESCOLAMARIOMELO@YAHOO.COM.BR
11,26128934,ESCOLA MUNICIPAL OLINDINA MONTEIRO DE OLIVEIRA FRANCA,-8002758,-34906408,52140390,BELA VISTA,DOIS UNIDOS,32327826.0,
12,26117576,ESCOLA MUNICIPAL ANTONIO FARIAS FILHO,-8072582,-34925968,50761350,21 DE ABRIL,AFOGADOS,32327510.0,
13,26119927,ESCOLA MUNICIPAL LUIZ VAZ DE CAMOES,-8103714,-34925443,51320080,ERVAL,IPSEP,32323308.0,LUISCAMOES@BOL.COM.BR
14,26124513,ESCOLA MUNICIPAL CICERO FRANKLIN CORDEIRO,-8136188,-34955184,51320410,FELIPE DOS SANTOS,COHAB,32323106.0,
15,26126117,ESCOLA MUNICIPAL PROFESSORA ALMERINDA UMBELINO DE BARROS,-8021198,-34922706,52081030,VASCO DA GAMA,VASCO DA GAMA,32324152.0,ESCOLAVASCODAGAMA@HOTMAIL.COM
16,26127520,ESCOLA MUNICIPAL DIVINO ESPIRITO SANTO,-803042,-34954399,50800210,CAXANGA,CAXANGA,32324736.0,
17,26119218,ESCOLA MUNICIPAL DA IPUTINGA,-8041487,-34928129,50731110,CORONEL FERNANDO FURTADO,CORDEIRO,32327501.0,
18,26119897,ESCOLA MUNICIPAL JOAO XXIII,-8041517,-34930712,50731360,DO CAIARA,IPUTINGA,32324707.0,
19,26126516,ESCOLA MUNICIPAL PROFESSOR ADERBAL GALVAO,-8016538,-34921181,52081030,VASCO DA GAMA,VASCO DA GAMA,32324100.0,
20,26126788,ESCOLA MUNICIPAL PROFESSOR MAURO MOTA,-8000192,-34931072,52091260,ALTO DA BRASILEIRA,NOVA DESCOBERTA,32324133.0,
21,26125692,ESCOLA MUNICIPAL SOCIOLOGO GILBERTO FREIRE,-8010791,-34952445,52071560,PROFESSOR CLAUDIO SELVA,DOIS IRMAOS,32324110.0,
22,26120810,ESCOLA MUNICIPAL HUGO GERDAU,-8069673,-34936414,50761190,CORONEL MIZAEL DE MENDONCA,SAN MARTIN,32327508.0,
23,26119196,ESCOLA MUNICIPAL TRES CARNEIROS,-8125531,-34959914,51330190,IBIRAJA,COHAB,32323122.0,
24,26124700,ESCOLA MUNICIPAL MARGARIDA SERPA COSSART,-8119865,-34955853,51340610,MECEJANA,COHAB,32323123.0,
25,26125706,ESCOLA MUNICIPAL MUNDO ESPERANCA,-8014119,-34956594,52171050,DOS PINTOS,SITIO DOS PINTOS,32324136.0,
26,26120607,ESCOLA MUNICIPAL ENGENHEIRO GUILHERME DINIZ,-8136503,-34955484,51230432,TEREZA MARGARIDA,COHAB,32323102.0,
27,26123487,ESCOLA MUNICIPAL DOM BOSCO,-8079273,-34948401,50790200,ALVENOPOLIS,JARDIM SAO PAULO,32322500.0,
28,26121158,ESCOLA MUNICIPAL VILA SESAMO,-813369,-34950119,51300000,VALE DO CARIRI,COHAB,32323126.0,
29,26124688,ESCOLA MUNICIPAL MARIA ADELAIDE DE BARROS,-8138902,-34953283,51310090,ALTO DO HERVAL NOVO,COHAB,32323113.0,
30,26125552,ESCOLA MUNICIPAL PROFESSOR ADAUTO PONTES,-813543,-34944751,51260390,SERTANIA,JORDAO,32323600.0,
31,26120704,ESCOLA MUNICIPAL DO JORDAO,-8139009,-34928866,51250100,SILVA JARDIM,JORDAO,32323500.0,
32,26119200,ESCOLA MUNICIPAL ZUMBI DOS PALMARES,-8040914,-3495183,50740180,ENGENHEIRO VASCONCELOS BITTENCOURT,VARZEA,32324748.0,NAEDVA.BURGOS@GMAIL.COM
33,26127008,ESCOLA MUNICIPAL CREUZA DE FREITAS CAVALCANTI,-8061351,-34935748,50640520,EPAMINONDAS CRISTOVAO OLIVEIRA,TORROES,32327512.0,
34,26119170,ESCOLA MUNICIPAL SENADOR JOSE ERMIRIO DE MORAES,-8036,-3497943,50960120,RORAIMA,VARZEA,32324800.0,
35,26127024,ESCOLA MUNICIPAL CELIA ARRAES,-8039271,-34958854,50810360,JOSE NOYA,VARZEA,32324701.0,
36,26120763,ESCOLA MUNICIPAL MAGALHAES BASTOS,-8046792,-34957051,51741230,FRANCISCO LACERDA,VARZEA,32324710.0,
37,26127377,ESCOLA MUNICIPAL ENGENHO DO MEIO,-8050242,-34939653,50670260,BOM PASTOR,CORDEIRO,32324732.0,EMEM.DIRECAO@GMAIL.COM
38,26126826,ESCOLA MUNICIPAL MANOEL ANTONIO DE FREITAS,-8017568,-34909171,50742010,SAO JERONIMO,ALTO SANTA TEREZINHA,32324130.0,
39,26128772,ESCOLA MUNICIPAL ANTONIO TIBURCIO,-8018167,-34905217,52211000,TAMBOARA,ALTO SANTA TEREZINHA,32327815.0,
40,26120720,ESCOLA MUNICIPAL DRAOMIRO CHAVES AGUIAR,-8025352,-34925363,52070240,SANTA ISABEL,CASA AMARELA,32324107.0,
41,26128322,ESCOLA MUNICIPAL NOVO HORIZONTE,-800999,-34897533,52211540,ALTO DO GUILHERMINO,AGUA FRIA,32327907.0,
42,26128705,ESCOLA MUNICIPAL MONSENHOR VIANA,-8004573,-3489843,52130260,TAGUATINGA,BEBERIBE,32327824.0,
43,26126087,ESCOLA MUNICIPAL OCTAVIO MEIRA LINS,-8010185,-34916502,52081520,JOSE REBOUCAS,VASCO DA GAMA,32324141.0,
44,26119641,ESCOLA MUNICIPAL DOUTOR RODOLFO AURELIANO,-8042168,-34956248,50810220,JOSE AVELAR,VARZEA,32324713.0,EMRODOLFOAURELIANO@GMAIL.COM
45,26120771,ESCOLA MUNICIPAL PROFESSOR MOACIR DE ALBUQUERQUE,-8001652,-34925164,52191040,CORREGO DA AREIA,NOVA DESCOBERTA,32324135.0,
46,26126494,ESCOLA MUNICIPAL POETA JOAQUIM CARDOSO,-8001269,-34930844,52091220,CORREGO DA AREIA,MACAXEIRA,32324126.0,
47,26128233,ESCOLA MUNICIPAL DA MANGABEIRA,-8024153,-34900586,52110270,DO CINEMA,MANGABEIRA,32327806.0,ESCOLAMANGABEIRA@HOTMAIL.COM
48,26128764,ESCOLA MUNICIPAL ANA MAURICIA WANDERLEY,-8018013,-34896113,52111310,JOAO UZEDA LUNA,AGUA FRIA,32327858.0,
49,26128268,ESCOLA MUNICIPAL LUIZ LUA GONZAGA,-8019281,-34902364,52111622,AURILANDIA,BOMBA DO HEMETERIO,32327821.0,
50,26128748,ESCOLA MUNICIPAL SAO JOAO BATISTA,-8011848,-3490463,52130220,ANIBAL BENEVOLO,LINHA DO TIRO,32327833.0,EMSJB07@HOTMAIL.COM
51,26126389,ESCOLA MUNICIPAL DOUTOR CAETE,-8001501,-34927695,52190210,ALVARAES,NOVA DESCOBERTA,32324198.0,
52,26128314,ESCOLA MUNICIPAL NOVA AURORA,-8018061,-34902939,52111620,ANTONIO MEIRA,BOMBA DO HEMETERIO,32327867.0,
53,26126770,ESCOLA MUNICIPAL JOSEFINA MARINHO,-8016883,-34910105,52080040,CORREGO JOSE GRANDE,ALTO JOSE DO PINHO,32324128.0,
54,26128780,ESCOLA MUNICIPAL COMPOSITOR LEVINO FERREIRA,-8014245,-34909591,52080400,CORREGO JOSE GRANDE,ALTO JOSE DO PINHO,32324122.0,
55,26126281,ESCOLA MUNICIPAL MARGARIDA SIQUEIRA PESSOA,-8017891,-34910503,52080040,CORREGO JOSE GRANDE,CASA AMARELA,32324131.0,
56,26126869,ESCOLA MUNICIPAL BOA ESPERANCA,-8018719,-34919934,52280524,PEDRA BONITA,VASCO DA GAMA,32324115.0,
57,26120569,ESCOLA MUNICIPAL PROFESSORA MARIA DA PAZ BRANDAO ALVES,-8082387,-34961224,50920683,DA FELICIDADE,SANCHO,32322514.0,
58,26121468,ESCOLA MUNICIPAL PEDRO AUGUSTO,-8060806,-34890139,50070310,BARAO DE SAO BORJA,SOLEDADE,32325913.0,
59,26121050,ESCOLA MUNICIPAL PROFESSORA ELIZABETH SALES COUTINHO DE BARROS,-8067329,-34934053,50761100,PROFESSOR AVERTANO DA ROCHA,TORROES,32327503.0,
60,26127083,ESCOLA MUNICIPAL DOS TORROES,-8068012,-34934511,50761110,DOUTOR ANTONIO CORREIA DE OLIVEIRA,TORROES,32327322.0,
61,26134010,ESCOLA MUNICIPAL INES SOARES DE LIMA,-8120697,-34912512,51150380,14 DE NOVEMBRO,IMBIRIBEIRA,32323305.0,ANAPPARISIO@YAHOO.COM.BR
62,26125528,ESCOLA MUNICIPAL PAIS E FILHOS,-810377,-34917978,51180340,DANCING DAYS,IMBIRIBEIRA,32323310.0,
63,26145227,ESCOLA MUNICIPAL HISTORIADOR FLAVIO GUERRA,-7985365,-34929917,52390040,ALTO DA TELHA,PASSARINHO,32324108.0,
64,26120780,ESCOLA MUNICIPAL PADRE JOSE MATHIAS DELGADO,-8079101,-34940117,50910390,DOUTOR DEVALDO BORGES,JARDIM SAO PAULO,32322518.0,
65,26127873,ESCOLA MUNICIPAL HENFIL,-8045456,-34953598,50741180,SEIS DE MARCO,VARZEA,32324775.0,ESCOLA.HENFIL@HOTMAIL.COM
66,26119617,ESCOLA MUNICIPAL GENERAL SAN MARTIN,-806737,-34928036,50761000,GENERAL SAN MARTIN,JIQUIA,32327505.0,
67,26126818,ESCOLA MUNICIPAL DOM JOSE LAMARTINE SOARES,-8008286,-34919532,52081070,ALTO DO EUCALIPTO,BREJO DE BEBERIBE,32324105.0,
68,26133389,ESCOLA MUNICIPAL NADIR COLACO,-8017133,-34928976,52090270,IDA,MACAXEIRA,32324137.0,
69,26126672,ESCOLA MUNICIPAL MAURICIO DE NASSAU,-8022936,-34926009,52071250,DOUTOR EURICO CHAVES,CASA AMARELA,32324132.0,
70,26118955,ESCOLA MUNICIPAL JULIO VICENTE ALVES DE ARAUJO,-8019088,-34914862,52280255,DA CONCEICAO,MORRO DA CONCEICAO,32324129.0,NADILZA@GMAIL.COM
71,26123673,ESCOLA MUNICIPAL SANTO ANTONIO DO CACOTE,-8100221,-3492973,50870440,GUARACI,CACOTE,32322522.0,
72,26124114,ESCOLA MUNICIPAL LAGOA ENCANTADA,-8116957,-34952094,51280400,DOUTOR BENIGNO JORDAO DE VASCONCELOS,COHAB,32323112.0,
73,26123126,ESCOLA MUNICIPAL VILA SAO MIGUEL,-8084202,-34912708,50770790,RUBIACEA,AFOGADOS,32322217.0,EMVSM2007@YAHOO.COM.BR
74,26119145,ESCOLA MUNICIPAL DOS REMEDIOS,-8068651,-34909596,50830260,DO BONGI,PRADO,32322202.0,
75,26125811,ESCOLA MUNICIPAL VIRGEM PODEROSA,-8036128,-34908376,52060030,LEONARDO BEZERRA CAVALCANTE,JAQUEIRA,32324153.0,
76,26128659,ESCOLA MUNICIPAL ANTONIO LUIZ,-8017895,-34885166,52121080,SAO JOAO BATISTA,AGUA FRIA,32327813.0,EMANTONIOLUIZ@IG.COM.BR
77,26120585,ESCOLA MUNICIPAL PROFESSORA SONIA MARIA DE ARAUJO SOUZA,-8136956,-34942555,51260090,BODOCO,JORDAO,32323510.0,
78,26123495,ESCOLA MUNICIPAL DOUTOR ANTONIO CORREIA,-8090318,-34944229,50900490,TEOFILO OTONI,BARRO,32322508.0,EMDAC32@YAHOO.COM.BR
79,26120658,ESCOLA MUNICIPAL ALMIRANTE SOARES DUTRA,-8078937,-34895322,50090380,CAMUTANGA,CABANGA,32322200.0,EMASD2006@YAHOO.COM.BR
80,26118670,ESCOLA MUNICIPAL DOS COELHOS,-806875,-34890914,50070550,DOS COELHOS,COELHOS,32325904.0,
81,26122570,ESCOLA MUNICIPAL DOM HELDER CAMARA,-8041124,-34888207,52021050,MARQUES DO PARANA,ESPINHEIRO,32327708.0,
82,26122014,ESCOLA MUNICIPAL SEDE DA SABEDORIA,-8040176,-34876843,50110470,ARTEMIS,SANTO AMARO,32325920.0,SEDESABEDORIA@YAHOO.COM.BR
83,26136269,ESCOLA MUNICIPAL SITIO DO CEU,-8041318,-34880527,50110150,ANCHIETA,SANTO AMARO,32325921.0,SITIODOCEU@YAHOO.COM.BR
84,26122600,ESCOLA MUNICIPAL SANTA CECILIA,-8036896,-34880445,52031212,ALICE GOMES,CAMPO GRANDE,32327707.0,
85,26175380,ESCOLA MUNICIPAL PEDRO ALCANTARA,-8002328,-34937544,52091190,TRES MORROS,CORREGO DO JENIPAPO,32324186.0,
86,26119331,ESCOLA MUNICIPAL PADRE JOSE DE ANCHIETA,-8073301,-34917941,50760001,CAPITAO ADOLFO TAQUIS,MUSTARDINHA,32322213.0,
87,26128950,ESCOLA MUNICIPAL IRMA TEREZINHA BATISTA - PROJ NOVO VIVER,-8015194,-34882088,52121030,IGUATU,CAMPINA DO BARRETO,32327820.0,
88,26120682,ESCOLA MUNICIPAL BALBINA MENELAU,-8083244,-34949618,50790070,JOAO DE ANDRADE,JARDIM SAO PAULO,32322504.0,
89,26134057,ESCOLA MUNICIPAL MANOEL ROLIM,-8087783,-34948331,50920120,PAJUSSARA,JARDIM SAO PAULO,32322516.0,
90,26123541,ESCOLA MUNICIPAL ANDRE DE MELO,-8083818,-3493089,50865100,MORAES E SILVA,ESTANCIA,32322506.0,
91,26120283,ESCOLA MUNICIPAL VILA OPERARIA DO RECIFE,-8124086,-3493642,51240490,EMILIO MONTEIRO DA FONSECA,IBURA,32323511.0,
92,26121980,ESCOLA MUNICIPAL GENERAL EMIDIO DANTAS BARRETO,-8050896,-34883381,50100200,DA SAUDADE,SANTO AMARO,32325900.0,EMG_EMIDIO_DANTAS@HOTMAIL.COM
93,26120712,ESCOLA MUNICIPAL DO LEAO,-8121502,-34898806,51021280,BRUNO VELOSO,BOA VIAGEM,32323048.0,ESCLIONS@YAHOO.COM.BR
94,26132249,ESCOLA MUNICIPAL PINTOR LULA CARDOSO AYRES,-813114,-3493806,51250350,ALVARO FERRAZ,JORDAO,32323504.0,
95,26124483,ESCOLA MUNICIPAL CAPELA SANTO ANTONIO,-8087139,-3490229,51150192,SAO MARCOS,IMBIRIBEIRA,32322208.0,
96,26125560,ESCOLA MUNICIPAL PROFESSOR JOSE LOURENCO DE LIMA,-8122167,-34941006,51240380,NOVA AMERICA,IBURA,32323311.0,
97,26134002,ESCOLA MUNICIPAL KARLA PATRICIA,-8108804,-34895822,51020170,PROFESSOR EDUARDO WANDERLEI FILHO,BOA VIAGEM,32323003.0,ESCOLAMKARLAPATRICIA@YAHOO.COM
98,26128110,ESCOLA MUNICIPAL ALDA ROMEU,-8013671,-34900947,52211250,CORREGO DO DEODATO,AGUA FRIA,32327801.0,EMALDAROMEU@YAHOO.COM.BR
99,26119994,ESCOLA MUNICIPAL NOVO PINA,-809154,-34888125,51011140,EURICO VITRUVIO,PINA,32323005.0,NOVOPINA@IG.COM.BR
100,26126370,ESCOLA MUNICIPAL ALTO DA GUABIRABA,-7991847,-34933311,52091000,PRESIDENTE COSTA E SILVA,BREJO DA GUABIRABA,32324167.0,
101,26120674,ESCOLA MUNICIPAL ENGENHEIRO UMBERTO GONDIM,-8084622,-34885065,51010680,DAS OFICINAS,PINA,32323010.0,
102,26125854,ESCOLA MUNICIPAL ALTO JARDIM PROGRESSO,-8004572,-34926033,52190510,ALTO JARDIM PROGRESSO,NOVA DESCOBERTA,32324378.0,
103,26119129,ESCOLA MUNICIPAL DOIS RIOS,-8126939,-34944662,51300260,IRMA MARIA EVANGELISTA,COHAB,32323104.0,
104,26126680,ESCOLA MUNICIPAL CORREGO DA AREIA,-8003102,-34932011,52091220,CORREGO DA AREIA,MACAXEIRA,32324123.0,
105,26125510,ESCOLA MUNICIPAL OSWALDO LIMA FILHO,-8098475,-34886554,51011050,ENGENHEIRO DOMINGOS FERREIRA,PINA,32323023.0,
106,26124661,ESCOLA MUNICIPAL PROFESSOR MANOEL TORRES,-8128549,-34911712,51030210,ELADIO RAMOS,BOA VIAGEM,32323505.0,
107,26126427,ESCOLA MUNICIPAL PASTOR PAULO LEIVAS MACALAO,-8012147,-34908841,52131410,ALTEROSA,LINHA DO TIRO,32324142.0,
108,26126524,ESCOLA MUNICIPAL PROFESSOR NILO PEREIRA,-8027192,-34925699,52070230,DO ARRAIAL,CASA AMARELA,32324139.0,ESCOLANILOPEREIRA@GMAIL.COM
109,26154846,ESCOLA MUNICIPAL 27 DE NOVEMBRO,-8090061,-34886935,51011100,12 DE JULHO,COHAB,32323100.0,
110,26177978,ESCOLA MUNICIPAL NOVA MORADA,-8025698,-34952448,50980965,ELIANE FRAGOSO DO NASCIMENTO,VARZEA,32324780.0,EM_NOVAMORADA@YAHOO.COM.BR
111,26117622,ESCOLA MUNICIPAL DA IPUTINGA - ANX II - ASS DE CEGOS APEC,-8048676,-34927215,50721170,CONSELHEIRO SILVEIRA DE SOUZA,IPUTINGA,33663111.0,
112,26120402,ESCOLA MUNICIPAL DO DOM,-8048003,-34958857,50741120,CORONEL PACHECO,VARZEA,32324737.0,
113,26124610,ESCOLA MUNICIPAL FUTURO FELIZ,-8125691,-34958329,51330200,IBIRAJUBA,COHAB,32323101.0,
114,26171716,ESCOLA MUNICIPAL ARTISTA PLASTICO CICERO DIAS,-8132579,-34949761,51320120,JOAO JOAQUIM DE MELO FILHO,COHAB,32323124.0,
115,26121662,ESCOLA MUNICIPAL PADRE ANTONIO HENRIQUE,-8061364,-34900044,52010066,VISCONDESSA DO LIVRAMENTO,DERBY,32325910.0,EM-PE-HENRIQUE@YAHOO.COM.BR
116,26124092,ESCOLA MUNICIPAL ABILIO GOMES,-8120379,-34907433,51021280,BRUNO VELOZO,BOA VIAGEM,32323000.0,
117,26125480,ESCOLA MUNICIPAL JARDIM MAURICEIA,-8089424,-34914857,51170010,NICOLAU COPERNICO,IMBIRIBEIRA,32322209.0,
118,26134049,ESCOLA MUNICIPAL NOSSA SENHORA DA PENHA,-8129825,-34904743,51021550,FRANCISCO DE BARROS BARRETO,BOA VIAGEM,32323507.0,
119,26121832,ESCOLA MUNICIPAL CRISTINA TAVARES,-8122629,-34955025,51340600,PANELAS,IBURA,32323109.0,EMCRISTINATAVARES@HOTMAIL.COM
120,26125544,ESCOLA MUNICIPAL POETA PAULO BANDEIRA DA CRUZ,-8121989,-34955565,51340600,PANELAS,COHAB,32323116.0,
121,26134397,ESCOLA MUNICIPAL ALDA ROMEU - ANX II - TIA REGINA,-8012636,-34902197,52211250,CORREGO DO DEODATO,AGUA FRIA,32327863.0,EMALDAROMEU@YAHOO.COM.BR
122,26128888,ESCOLA MUNICIPAL DEUS E AMOR,-8018191,-3489867,52111430,LADEIRA DE PEDRA,AGUA FRIA,32327807.0,ESCOLADEUSEAMOR@YAHOO.COM.BR
123,26124076,ESCOLA MUNICIPAL WALDEMAR VALENTE,-8076046,-34947479,50790310,GASTAO DE CARVALHO,JARDIM SAO PAULO,32322525.0,
124,26124467,ESCOLA MUNICIPAL BEATO EUGENIO MAZENOD,-8101563,-34913588,51180260,LUXEMBURGO,IMBIRIBEIRA,32323307.0,
125,26125579,ESCOLA MUNICIPAL SAO FRANCISCO DE ASSIS,-8145187,-34912965,51030640,COSMORAMA,BOA VIAGEM,32323508.0,
126,26136300,ESCOLA MUNICIPAL ALTO DO MARACANA,-8002451,-34909121,52150141,VILA FLOR,DOIS UNIDOS,32327802.0,ESCOLAMARACANA@YAHOO.COM.BR
127,26124815,ESCOLA MUNICIPAL PROFESSOR SIMOES BARBOSA,-8115109,-34939711,51230000,DOIS RIOS,IBURA,32323313.0,
128,26134379,ESCOLA MUNICIPAL SANTO AMARO,-8046448,-34877821,50100000,NORTE,SANTO AMARO,32325919.0,SANTOAMARO@HOTMAIL.COM
129,26127016,ESCOLA MUNICIPAL CASARAO DO BARBALHO,-8028861,-34934749,50690000,DO BARBALHO,IPUTINGA,32324700.0,
130,26133670,ESCOLA MUNICIPAL SANTO ANTONIO DO CACOTE - ANX I - EMLURB,-8090787,-34929503,50870800,RECIFE,AREIAS,32322522.0,
131,26171759,ESCOLA MUNICIPAL DA GUABIRABA - ANEXO II,-7993301,-34935166,52291140,CASSITERITA,BREJO DA GUABIRABA,32324323.0,
132,26133622,ESCOLA MUNICIPAL NOVA DESCOBERTA,-7987701,-34929793,52390000,JORNALISTA WALDETE AGRA,PASSARINHO,32324140.0,
133,26133837,ESCOLA MUNICIPAL CRISTIANO CORDEIRO,-8114975,-34953822,51340210,SANTOS,COHAB,32323107.0,
134,26139723,ESCOLA MUNICIPAL ALTO SANTA TEREZINHA,-8009863,-34902847,52130220,ANIBAL BENEVOLO,LINHA DO TIRO,32327808.0,
135,26136287,ESCOLA MUNICIPAL DA GUABIRABA - ANX I - ARITANA,-7968133,-34939637,52291690,ARITANA,GUABIRABA,33043089.0,EMDAGUABIRABA@GMAIL.COM
136,26139090,ESCOLA MUNICIPAL PROFESSOR FLORESTAN FERNANDES,-8115849,-34942495,51230050,RIO NOVO DO SUL,IBURA,32323303.0,
137,26132635,ESCOLA MUNICIPAL JORDAO BAIXO,-813088,-34938654,51250340,GOVERNADOR ROBERTO SILVEIRA,JORDAO,32323501.0,
138,26134067,ESCOLA MUNICIPAL SEVERINA BERNADETE TEIXEIRA,-8124733,-34956705,51330110,IBICARE,COHAB,32323121.0,
139,26132643,ESCOLA MUNICIPAL FERNANDO SANTA CRUZ,-8137171,-34943611,51260000,BOANERGES PEREIRA,JORDAO,32323593.0,
140,26149370,ESCOLA MUNICIPAL ALTO DO REFUGIO - IVAN NEVES,-7999948,-34925268,52191100,ALTO DO REFUGIO,BREJO DE BEBERIBE,32324265.0,ESCOLAREFUGIO@YAHOO.COM.BR
141,26136335,ESCOLA MUNICIPAL RENATO ACCIOLY CARNEIRO CAMPOS,-800443,-34925286,52191570,SANTA ROSA,BREJO DE BEBERIBE,32324145.0,RENATOACCIOLY@HOTMAIL.COM
142,26136299,ESCOLA MUNICIPAL PROFESSOR NILO PEREIRA - ANEXO I,-8027192,-34925699,52060430,SAMUEL DE FARIAS,SANTANA,33268102.0,
143,26132267,ESCOLA MUNICIPAL DEPUTADO FERNANDO SAMPAIO,-8010783,-3492519,52090240,RITA ANTONIO FELIX,NOVA DESCOBERTA,32324111.0,
144,26122898,ESCOLA MUNICIPAL DO COQUE,-8071536,-3490015,50090590,MIRANDOPOLIS,ILHA JOANA BEZERRA,32322280.0,ESCOLADOCOQUE@HOTMAIL.COM
145,26123622,ESCOLA MUNICIPAL LOJISTAS DO RECIFE,-8076597,-34965533,50791540,BR 232KM 07,CURADO,32322513.0,
146,26128926,ESCOLA MUNICIPAL ANITA PAES BARRETO,-8014851,-34887334,52221111,GERONCIO FALCAO,FUNDAO,32327814.0,ANITAPAESBARRETO@HOTMAIL.COM
147,26145219,ESCOLA MUNICIPAL DEPUTADO FERNANDO SAMPAIO - ANX I - ANTONIO FELIX,-8010783,-3492519,52090183,COLINA DOS ANDES,NOVA DESCOBERTA,32324104.0,
148,26136347,ESCOLA MUNICIPAL PROFESSORA ALMERINDA UMBELINO DE BARROS - ANX I CDM,-8013805,-34920338,52081705,BENGALAS,VASCO DA GAMA,33043162.0,
149,26126583,ESCOLA MUNICIPAL SANTA MARIA GORETTI,-8011305,-3491834,52280640,SANTA MARIA GORETTI,VASCO DA GAMA,32324566.0,
150,26123100,ESCOLA MUNICIPAL SANTA EDWIGES,-8069962,-34907246,50750590,JURITI,AFOGADOS,32322216.0,
151,26122197,ESCOLA MUNICIPAL DA IPUTINGA - ANX I ASS CRISTA FEMININA,-8042754,-34909449,50710210,FLORIANO FRANCISCO DE OLIVEIRA,TORRE,32273036.0,
152,26138832,ESCOLA MUNICIPAL DOM JOSE LAMARTINE - ANX I - CENT VIV CRISTA,-8009326,-34919464,52081070,ALTO DO EUCALIPTO,BREJO DE BEBERIBE,32324105.0,
153,26121913,ESCOLA MUNICIPAL LUTADORES DO BEM,-8044047,-34877224,50110400,CORONEL VIRGILIO DE MEDEIROS,SANTO AMARO,32325907.0,
154,26122464,ESCOLA MUNICIPAL SERVICO SOCIAL DE BELEM,-8032487,-34894242,52041260,RODOLFO DE HOLANDA,ENCRUZILHADA,32327706.0,ESCOLASSB@HOTMAIL.COM
155,26126966,ESCOLA MUNICIPAL PEDRINHO,-8006893,-34923812,52090080,BARAO DE BOTOVI,NOVA DESCOBERTA,32324113.0,
156,26121972,ESCOLA MUNICIPAL CIDADAO HERBERT DE SOUZA,-8045694,-34887051,50100130,ARNOBIO MARQUES,SANTO AMARO,32325926.0,ESCOLAHERBERT@HOTMAIL.COM
157,26123649,ESCOLA MUNICIPAL PAROQUIAL PROFESSORA PRIMITIVA DE BARROS SILVA,-8083535,-34938097,50781590,ATOR ELPIDIO CAMARA,JARDIM SAO PAULO,32322519.0,ESCOLAPRIMITIVA@YAHOO.COM.BR
158,26123088,ESCOLA MUNICIPAL EDITE BRAGA,-8079112,-34905007,50770080,NICOLAU PEREIRA,AFOGADOS,32322205.0,EDITEBRAGA_PCR@YAHOO.COM.BR
159,26127644,ESCOLA MUNICIPAL DOUTOR EBENEZER GUEIROS,-8036877,-34932787,50731470,LAVRAS DO SUL,IPUTINGA,32324730.0,
160,26127784,ESCOLA MUNICIPAL JOAO PESSOA GUERRA,-8056135,-3495831,50741490,ISAAC BURIL,CURADO,32324706.0,
161,26148161,ESCOLA MUNICIPAL EDUCADOR PAULO FREIRE,-8110299,-34923756,51350450,GENERAL BENTO DA GAMA,IPSEP,32323300.0,EMEPF@RECIFE.PE.GOV.BR
162,26158280,ESCOLA MUNICIPAL JARDIM UCHOA,-8100824,-34938114,50780270,JUPIATA,AREIAS,32322512.0,E.JARDIMUCHOA@HOTMAIL.COM
163,26122308,ESCOLA MUNICIPAL SEVERINA LIRA,-8031337,-34903334,52051090,JUNDIA,TAMARINEIRA,32324336.0,EMSEVERINALIRA@GMAIL.COM
164,26155869,ESCOLA MUNICIPAL ENGENHEIRO HENOCH COUTINHO DE MELO,-8084552,-3488509,51010680,DAS OFICINAS,PINA,32323045.0,HENOCHCOUTINHO@YAHOO.COM.BR
165,26166658,ESCOLA MUNICIPAL DE CASA AMARELA,-8009153,-34932344,52191040,DA AREA,MACAXEIRA,32324116.0,
166,26137208,ESCOLA MUNICIPAL ALTO DO REFUGIO - IVAN NEVES - ANEXO I,-7996649,-34928056,52191100,ALTO DO REFUGIO,GUABIRABA,32324265.0,
167,26147300,ESCOLA MUNICIPAL NOSSA SENHORA DO PILAR,-8057923,-34869953,50030150,ALFREDO LISBOA,RECIFE,32322801.0,EMNSP@HOTMAIL.COM
168,26126400,ESCOLA MUNICIPAL HISTORIADOR FLAVIO GUERRA - ANEXO I,-7985365,-34929917,52390040,ALTO DA TELHA,PASSARINHO,32324108.0,PASTORAJUCIARA@BOL.COM.BR
169,26145251,ESCOLA MUNICIPAL PROFESSOR JOSE LOURENCO DE LIMA ANX I BALAO MAGICO,-8122167,-34941006,51240110,CASSIANO LEITE,IBURA,32323311.0,
170,26126419,ESCOLA MUNICIPAL PRESBITERO JOSE BEZERRA,-8014967,-34931148,52090260,NORTE,MACAXEIRA,32324337.0,ESCOLAMPRESBITERO@YAHOO.COM.BR
171,26166593,ESCOLA MUNICIPAL ALTO DO PASCOAL,-8014828,-34902297,52111430,LADEIRA DE PEDRA,AGUA FRIA,32327804.0,EMALTODOPASCOAL@HOTMAIL.COM
172,26153475,ESCOLA MUNICIPAL VILA SANTA LUZIA,-8049626,-34921006,50711080,ELIZEU CAVALCANTI,CORDEIRO,32327521.0,VILASANTALUZIA@HOTMAIL.COM
173,26153599,ESCOLA MUNICIPAL PROFESSOR RICARDO GAMA,-8007224,-34904367,52131210,GUAIRA,LINHA DO TIRO,32327830.0,
174,26153556,ESCOLA MUNICIPAL MARLUCE SANTIAGO DA SILVA,-7980495,-34917737,52170010,CONCRIZ,PASSARINHO,32327822.0,MSANTIAGOSILVA@IG.COM.BR
175,26153424,ESCOLA MUNICIPAL DARCY RIBEIRO,-8045548,-34920649,50711440,ODETE MONTEIRO,CORDEIRO,32327506.0,
176,26153386,ESCOLA MUNICIPAL PROFESSOR ANTONIO DE BRITO ALVES,-8073735,-34917977,50760002,ERNESTO CAVALCANTI,AFOGADOS,32322206.0,
177,26153297,ESCOLA MUNICIPAL PROFESSOR ENALDO MANOEL DE SOUZA,-8134987,-34940274,51260170,JURACI CAMARGO,JORDAO,32323591.0,
178,26154137,ESCOLA MUNICIPAL PROFESSOR POTIGUAR MATOS,-8072734,-34925595,50761350,VINTE E UM DE ABRIL,AFOGADOS,32327516.0,
179,26155850,ESCOLA MUNICIPAL DINA DE OLIVEIRA,-8030356,-34934859,50731370,SAO MATEUS,IPUTINGA,32324733.0,
180,26154820,ESCOLA MUNICIPAL PROFESSOR SOLANO MAGALHAES,-808761,-34893423,51110200,JEMIL ASFORA,PINA,32323009.0,
181,26158752,ESCOLA MUNICIPAL CORREGO DO EUCLIDES,-801492,-34914717,52080000,CORREGO DO EUCLIDES,VASCO DA GAMA,32324125.0,
182,26155818,ESCOLA MUNICIPAL PROFESSORA JANDIRA BOTELHO PEREIRA DA COSTA,-8024,-34877819,52040320,FARIAS NEVES,CAMPO GRANDE,32327700.0,JANDIRA.PE@IG.COM.BR
183,26157845,ESCOLA MUNICIPAL PROFESSOR JOAO BATISTA LIPPO NETO,-8035415,-34990125,50960460,BARAO DE CERRO LARGO,VARZEA,32324801.0,LIPPONETO@YAHOO.COM.BR
184,26157888,ESCOLA MUNICIPAL PASTOR JOSE MUNGUBA SOBRINHO,-8139483,-34928667,51250100,SILVA JARDIM,JORDAO,32323502.0,
185,26164701,ESCOLA MUNICIPAL PARQUE DOS MILAGRES,-8117282,-34954293,51340080,CANTOR LEANDRO,COHAB,32323322.0,
186,26167808,ESCOLA MUNICIPAL SERRA DA PRATA,-8129996,-34954083,51330530,PESSEGUEIROS,COHAB,32323120.0,
187,26158302,ESCOLA MUNICIPAL PROFESSOR JOAO FRANCISCO DE SOUZA,-8035757,-34973545,50970250,EXPEDICIONARIO JORGE DA COSTA LIMA,VARZEA,32324803.0,
188,26158310,ESCOLA MUNICIPAL ISAAC PEREIRA DA SILVA,-8093359,-34934817,50870650,OITICICA LINS,AREIAS,32322502.0,
189,26164361,ESCOLA MUNICIPAL JOSE MUCIO MONTEIRO,-8124776,-3495336,51320540,JOAO RIO BRANCO DE LIMA,COHAB,32323111.0,
190,26158299,ESCOLA MUNICIPAL PROFESSOR JULIO DE OLIVEIRA,-8099415,-34908357,51150230,DEZESSEIS,IMBIRIBEIRA,32323312.0,
191,26158329,ESCOLA MUNICIPAL DEPUTADO EDSON CANTARELLI,-8129888,-34938652,51240320,RUBINEIA,IBURA,32323590.0,
192,26158370,ESCOLA MUNICIPAL PROFESSOR ORLANDO PARAHYM,-8127569,-34947289,51300160,SOLDADO VIRGILIO LUCIO,COHAB,32323115.0,
193,26166666,ESCOLA MUNICIPAL PROFESSOR JOSE SOARES DA SILVA,-8006819,-349233,52090080,BARAO DE BOTOVI,NOVA DESCOBERTA,32324144.0,
194,26175878,CRECHE MUNICIPAL CELESTE VIDAL,-7996782,-34955838,52291655,JARDIM ELDORADO,GUABIRABA,32324281.0,
195,26175371,ESCOLA MUNICIPAL ANEXA CASA AMARELA,-8000927,-34925854,52191050,SANHARO,NOVA DESCOBERTA,32324488.0,
196,26175355,ESCOLA MUNICIPAL PROFESSORA HELIA MARIA PEREIRA,-8036862,-3488035,52031212,ALICE GOMES,CAMPO GRANDE,32327770.0,EMHELIAPEREIRA@GMAIL.COM
197,26175398,ESCOLA MUNICIPAL MERCIA DE ALBUQUERQUE FERREIRA,-8065644,-34906279,50750230,TABAIARES,ILHA DO RETIRO,32327320.0,
198,26175363,ESCOLA MUNICIPAL CECILIA MEIRELLES,-8015282,-34929236,52090300,MADRE LINCH,MACAXEIRA,32324189.0,CAL.SIMONE@BOL.COM.BR
199,26166593,ESCOLA MUNICIPAL ALTO DO PASCOAL - ANEXO II,-8014877,-3490227,52111430,LADEIRA DE PEDRA,AGUA FRIA,32327899.0,
200,26175347,ESCOLA MUNICIPAL FREI TADEU GLASER,-8043454,-34885394,50110110,GOVERNARDOR AGAMENON MAGALHAES,SANTO AMARO,32321626.0,
201,26128950,ESCOLA MUNICIPAL IRMA TEREZINHA BATISTA - ANEXO I,-8015194,-34882088,52121030,DOS CRAVEIROS,CAMPINA DO BARRETO,32327857.0,
202,26177820,CRECHE MUNICIPAL VILA DOS MILAGRES,-8115031,-34945411,51345600,SAO MIGUEL,IBURA,32323175.0,
203,26118955,ESCOLA MUNICIPAL JULIO VICENTE ALVES - ANEXO I - CERVAC,-8019623,-34914804,50280240,DO MORRO DA CONCEICAO,MORRO DA CONCEICAO,32688527.0,CCERVAC@HOTMAIL.COM
204,26177978,ESCOLA MUNICIPAL NOVA MORADA - ANEXO I,-8025698,-34952448,50980685,ELIANE FRAGOSO DO NASCIMENTO,VARZEA,32324729.0,EM_NOVAMORADA@YAHOO.COM.BR
205,26212412,CRECHE MUNICIPAL PROFESSOR PAULO ROSAS,-8056328,-34956173,50740540,PROFESSOR LUIZ FREIRE,CIDADE UNIVERSITARIA,32324785.0,
206,26212200,ESCOLA MUNICIPAL COMPOSITOR CAPIBA,-8037507,-34883781,52030250,PROFESSOR OTHON PARAISO,TORREAO,32327781.0,EMCCAPIBA@GMAIL.COM
207,26212404,ESCOLA MUNICIPAL CACIQUE CHICAO XUCURU,-8024867,-34908211,52110210,NORTE,MANGABEIRA,32324177.0,
208,26212609,CRECHE MUNICIPAL ESTRELA DA MANHA,-810266,-34922168,51180340,DANCING DAYS,IMBIRIBEIRA,32323323.0,
209,26170710,ESCOLA MUNICIPAL SITIO DO BERARDO - ANEXO I,-8055837,-34914144,50720380,QUATRO DE OUTUBRO,PRADO,34456871.0,
210,26125854,ESCOLA MUNICIPAL ALTO JARDIM PROGRESSO - ANEXO I,-8004572,-34926033,52140100,SOBRAL PINTO,NOVA DESCOBERTA,32324378.0,
211,26132267,ESCOLA MUNICIPAL DEPUTADO FERNANDO SAMPAIO - ANX II,-80108671,-349255885,52090240,RITA ANTONIO FELIX,NOVA DESCOBERTA,,
212,26177978,ESCOLA MUNICIPAL NOVA MORADA - ANEXO II,-80577124,-349446349,50730000,MANOEL ALVES DEUS DARA,ENGENHO DO MEIO,,EM_NOVAMORADA@YAHOO.COM.BR
213,26123380,ESCOLA MUNICIPAL ALTO DA BELA VISTA - ANEXO I,-80845677,-349694791,50791180,ALTO DA BELA VISTA,COQUEIRAL,,
214,26122022,ESCOLA MUNICIPAL ANA ROSA FALCAO DE CARVALHO,-8056287,-3488037,50050550,JOAO LIRA,SANTO AMARO,34238537.0,
215,26125811,ESCOLA MUNICIPAL VIRGEM PODEROSA ANX PROF GILDO SOARES,-80520266,-349022812,52011210,GUILHERME PINTO,GRACAS,32234617.0,CEIGSS@YAHOO.COM.BR
216,26124165,ESCOLA MUNICIPAL BERNARD VAN LEER,-8085207,-34883181,51010370,FRANCISCO VALPASSOS,BRASILIA TEIMOSA,,
217,26419734,ESCOLA MUNICIPAL CHICO SCIENCE,-8013122,-34920699,52280500,FREDERICO OZANAN,VASCO DA GAMA,32324147.0,
218,26413779,CRECHE MUNICIPAL LUA LUAR,-8038393,-34930852,50731430,MAURICIO DE NASSAU,IPUTINGA,32324788.0,
219,26212404,ESCOLA MUNICIPAL CACIQUE CHICAO XUCURU - ANEXO APAE,-8027818,-34924422,52070230,DO ARRAIAL,CASA AMARELA,32324400.0,
220,26419726,ESCOLA MUNICIPAL MILTON ALMEIDA DOS SANTOS,-8109137,-34909747,51150370,ITAUBA,IMBIRIBEIRA,,
221,26443716,CRECHE DOUTOR ALBERICO DORNELAS CAMARA,-8054386,-34872141,50030903,CAIS DO APOLO,RECIFE,32328503.0,
222,26419742,CRECHE MUNICIPAL COELHINHO PENSANTE,-8042676,-3487831,50110840,DA AMIZADE,SANTO AMARO,32321676.0,
223,26149931,CRECHE MUNICIPAL MAEZINHA DO COQUE,-8071649,-34900019,50080730,GUAPIRAMA,ILHA JOANA BEZERRA,32322220.0,
224,26149818,CRECHE MUNICIPAL VOVO ARTUR,-8069079,-34891081,50060670,BEIRA RIO,COELHOS,32325930.0,
225,26149753,CRECHE MUNICIPAL SAO DOMINGOS SAVIO,-80401371,-348746677,50110520,DOS CASADOS,SANTO AMARO,32325929.0,
226,26158701,CRECHE MUNICIPAL PROFESSOR FRANCISCO DO AMARAL LOPES,-8045083,-3488869,50100010,GOVERNADOR AGAMENON MAGALHAES,SANTO AMARO,32325928.0,
227,26153130,CRECHE MUNICIPAL RECIFE 2000,-8097506,-3493715,50780231,RIO SOLIMOES,AREIAS,32322527.0,
228,26149834,CRECHE MUNICIPAL ZACARIAS DO REGO MACIEL,-8010165,-34902515,52130220,ANIBAL BENEVOLO,AGUA FRIA,32327860.0,
229,26149850,CRECHE MUNICIPAL WALDEMAR DE SOUZA CABRAL,-8019184,-34902682,52111620,ANTONIO MEIRA,BOMBA DO HEMETERIO,32327834.0,
230,26149761,CRECHE MUNICIPAL CAJUEIRO,-8010789,-34881144,52221310,ALICE TIBIRICA,CAJUEIRO,32327864.0,
231,26149826,CRECHE MUNICIPAL UNIDOS VENCEREMOS,-8018432,-34910316,52080140,CORREGO JOSE GRANDE,ALTO JOSE DO PINHO,32324166.0,
232,26149737,CRECHE MUNICIPAL MARDONIO COELHO,-8014584,-34923093,52081170,SENADOR MILTON CAMPOS,VASCO DA GAMA,32324162.0,
233,26149800,CRECHE MUNICIPAL CREUSA DE FREITAS CAVALCANTI-,-8028052,-34918907,52070010,CONSELHEIRO NABUCO,CASA AMARELA,32324158.0,
234,26149869,CRECHE MUNICIPAL AME AS CRIANCAS,-8019067,-34908376,52080100,ARLINDO CISNEIROS,BOMBA DO HEMETERIO,32324150.0,
235,26149842,CRECHE MUNICIPAL FLOR DO BAIRRO DA GUABIRABA,-799309,-34936148,52291140,CASSITERITA,BREJO DA GUABIRABA,32324161.0,
236,26149788,CRECHE MUNICIPAL CRIANCA FELIZ,-8012044,-34912428,52131470,VISCONDE DE SA BANDEIRA,ALTO JOSE BONIFACIO,32324159.0,
237,26149770,CRECHE MUNICIPAL FLOR DA COMUNIDADE,-8018752,-3491652,52280250,CARAVELAS,MORRO DA CONCEICAO,32324160.0,
238,26149796,CRECHE MUNICIPAL NOSSA SENHORA DAS DORES,-8017225,-34937031,52071390,CAETES,MACAXEIRA,32324164.0,
239,26149214,CRECHE MUNICIPAL CEAPE-,-8054095,-3494082,50730180,ANTONIO CURADO,ENGENHO DO MEIO,32324719.0,
240,26149923,CRECHE MUNICIPAL SAO JOAO,-8019713,-34930364,52071430,CANAL,MACAXEIRA,32324195.0,
241,26167859,CRECHE MUNICIPAL CHICO MENDES-,-81015,-34932047,50875025,SINDICATO DOS VIGILANTES,AREIAS,32322526.0,
242,26153351,CRECHE MUNICIPAL WALDIR SAVLUCHINSKE,-8050624,-34939465,50670260,BOM PASTOR,ENGENHO DO MEIO,32324723.0,
243,26153408,CRECHE MUNICIPAL E LUTANDO QUE SE CONQUISTA,-8031152,-34895058,50711480,RUA SALVADOR ALLENDER,CORDEIRO,32327526.0,
244,26153416,CRECHE MUNICIPAL MENINO JESUS DA BOMBA GRANDE,-8041847,-34927973,50731020,NOSSA SENHORA DA SAUDE,CORDEIRO,32327529.0,
245,26153246,CRECHE MUNICIPAL SEMENTINHA DO SKYLAB,-8032449,-3492853,50680580,MUCURICI,IPUTINGA,32324722.0,
246,26153319,CRECHE MUNICIPAL DEUS E AMOR,-806106,-34936269,50640520,EPAMINONDAS CRISTOVAO OLIVEIRA,TORROES,32327522.0,
247,26157551,CRECHE MUNICIPAL NOVO PINA,-8092306,-34887709,51011140,EURICO VITRUVIO,PINA,32323011.0,
248,26153335,CRECHE MUNICIPAL SANTA LUZIA,-8045231,-34916486,50711050,SOUZA BANDEIRA,TORRE,32327531.0,
249,26153254,CRECHE MUNICIPAL FUTURO DO AMANHA,-8073047,-34929665,50761010,APULCRO DE ASSUNCAO,SAN MARTIN,32327528.0,
250,26153300,CRECHE MUNICIPAL NOSSA SENHORA AUXILIADORA,-8066634,-34933834,50761110,DOUTOR ANTONIO CORREIA DE OLIVEIRA,TORROES,32327530.0,
251,26153394,CRECHE MUNICIPAL NOVO HORIZONTE-,-8071301,-34922875,50760500,DOUTOR ARMANDO TAVARES,MUSTARDINHA,32327677.0,
252,26153122,CRECHE MUNICIPAL BRASILIA TEIMOSA,-8080864,-34878395,51010010,DELFIM,BRASILIA TEIMOSA,32323042.0,
253,26153440,CRECHE MUNICIPAL SENADOR PAULO GUERRA,-8088686,-34904999,51150080,ENGENHO CANTO ALEGRE,IMBIRIBEIRA,32322236.0,
254,26153068,CRECHE MUNICIPAL SONHO DO POVO,-8119165,-34945461,51290570,CORDILHEIRA,IBURA,32323131.0,
255,26153270,CRECHE MUNICIPAL JESUS DE NAZARE,-8130269,-34942461,51260500,ESTRELA DOESTE,JORDAO,32323512.0,
256,26153467,CRECHE MUNICIPAL PADRE LOURENCO,-8108344,-34910406,51150310,CONDE PEREIRA CARNEIRO,IMBIRIBEIRA,32323314.0,
257,26157578,CRECHE MUNICIPAL JOAO EUGENIO,-8040164,-34940434,50670350,GASPAR PEREZ,IPUTINGA,32324721.0,CM.JOAO.EUGENIO@HOTMAIL.COM
258,26148145,CRECHE MUNICIPAL BIDO KRAUSE,-8079536,-34969682,50791480,ONZE DE AGOSTO,TOTO,32322596.0,
259,26157462,CRECHE MUNICIPAL TIA EMILIA,-8001009,-34916101,52150150,PEDRO BATISTA,DOIS UNIDOS,32324165.0,
260,26153262,CRECHE MUNICIPAL NOSSO SENHOR JESUS DO BONFIM,-8081207,-34930646,50865180,TEIXEIRA DE MELO,ESTANCIA,32322528.0,
261,26153459,CRECHE MUNICIPAL SABER VIVER,-8087222,-34901389,51150198,SANTO ANTONIO,IMBIRIBEIRA,32322222.0,
262,26153114,CRECHE MUNICIPAL ROSA SELVAGEM,-8029219,-34976833,52510320,DOUTOR LUIS GONZAGA PERAZZO,VARZEA,32324804.0,
263,26171678,CRECHE MUNICIPAL SONHO DE CRIANCA,-8113007,-34935147,51220080,TEOTONIO DE MELO FILHO,IBURA,32323316.0,
264,26177951,ESCOLA MUNICIPAL GOVERNADOR MIGUEL ARRAES DE ALENCAR,-8095811,-34923707,50860080,DOUTOR GIL RODRIGUES DOS SANTOS,ESTANCIA,32322667.0,
265,26158400,ESCOLA MUNICIPAL NOVO MANGUE,-8074959,-34903645,50090700,CENTRAL,ILHA JOANA BEZERRA,32322212.0,
266,26166640,ESCOLA MUNICIPAL DE AGUA FRIA,-8012201,-34880622,52121370,DOS CRAVEIROS,CAMPINA DO BARRETO,32327800.0,ESCOLA_AGUAFRIA@YAHOO.COM.BR
267,26166623,ESCOLA MUNICIPAL CAMPINA DO BARRETO,-801021,-34884559,52221280,VIRGILIO DE MELO FRANCO,CAJUEIRO,32327818.0,ESCOLACAMPINA@YAHOO.COM.BR
268,26167883,ESCOLA MUNICIPAL DO IBURA,-8136624,-34957067,51310000,EXPEDICIONARIO FRANCISCO VITORIANO,COHAB,32323103.0,
269,26168227,ESCOLA MUNICIPAL IBURA DE BAIXO,-8114843,-34942793,51230050,RIO NOVO DO SUL,IBURA,32323304.0,
270,26168111,ESCOLA MUNICIPAL DO PANTANAL,-8106241,-34958716,51345820,PADRE DIOGO,BARRO,32323105.0,
271,26168138,ESCOLA MUNICIPAL POETA JOAO CABRAL DE MELO NETO,-809168,-34885879,51011080,ENCANTA MOCA,PINA,32323001.0,
272,26167840,ESCOLA MUNICIPAL UR 05,-81337,-34950358,51320130,DESEMBARGADOR THOMAZ CYRILO WANDERLEY,COHAB,32323410.0,
273,26165295,ESCOLA MUNICIPAL NOVO HORIZONTE - ANX II,-8010046,-34897637,52211540,ALTO DO GUILHERMINO,AGUA FRIA,34353629.0,
274,26167891,ESCOLA MUNICIPAL PROFESSOR JOSUE DE CASTRO,-8069587,-34899066,50080090,MARTIN LUTHER KING,ILHA JOANA BEZERRA,32322215.0,
275,26166607,ESCOLA MUNICIPAL DE BEBERIBE,-8003411,-34899025,52131542,MELANIO DE BARROS CORREIA,BEBERIBE,32327816.0,
276,26171732,ESCOLA MUNICIPAL JADER FIGUEIREDO DE ANDRADE SILVA,-8049955,-34941947,50730670,MUCIO UCHOA CAVALCANTI,ENGENHO DO MEIO,32324702.0,
277,26158418,ESCOLA MUNICIPAL MANOEL ROLIM - ANEXO I,-8087783,-34948331,50920120,PAJUSSARA,JARDIM SAO PAULO,32322516.0,
278,26158248,ESCOLA MUNICIPAL PARQUE DOS MILAGRES - ANEXO I,-8117282,-34954293,51275130,CANTOR TOM JOBIM,BARRO,32323322.0,
279,26166585,ESCOLA MUNICIPAL ALTO DO PASCOAL - ANEXO I,-8014308,-34902184,52211260,SEVERINO CARNEIRO,AGUA FRIA,32327899.0,
280,26168073,ESCOLA MUNICIPAL DO BARRO,-8088827,-34942441,50900350,GUIRAGIBE,BARRO,32322595.0,EMDOBARRO@HOTMAIL.COM
281,26166631,ESCOLA MUNICIPAL ENGENHEIRO EDINALDO MIRANDA DE OLIVEIRA,-8034682,-34892508,52041210,INACIO GALVAO DOS SANTOS,ENCRUZILHADA,32327786.0,EM_EDNALDOMIRANDA@YAHOO.COM.BR
282,26168120,ESCOLA MUNICIPAL DO SANCHO,-8087203,-34960311,50920650,JOAO FERREIRA,SANCHO,32322505.0,
283,26168022,ESCOLA MUNICIPAL DARCY RIBEIRO-ANX I-CDM SITIO DO CARDOSO,-8049633,-34912496,50710470,PADRE LANDIM,MADALENA,32327506.0,
284,26167875,ESCOLA MUNICIPAL DO PANTANAL - ANEXO I,-8106241,-34958716,51345710,PRESIDENTE MEDICI,BARRO,32323105.0,
285,26167832,ESCOLA MUNICIPAL PROFESSOR SIMOES BARBOSA - ANEXO I - ARCO IRIS,-8114563,-3493709,51230490,JET JACKSON,IBURA,32323313.0,
286,26168065,ESCOLA MUNICIPAL JORDAO BAIXO - ANEXO I,-813088,-34938654,51250340,GOVERNADOR ROBERTO DA SILVEIRA,JORDAO,32323501.0,
287,26166674,ESCOLA MUNICIPAL MARLUCE SANTIAGO DA SILVA - ANEXO I,-7980495,-34917737,52170020,GALO DE CAMPINA,PASSARINHO,34495202.0,MSANTIAGOSILVA@IG.COM.BR
288,26170671,ESCOLA MUNICIPAL MAESTRO NELSON FERREIRA,-8125451,-34935842,51240230,AVELINO CHAVES,IBURA,32323509.0,
289,26177960,ESCOLA MUNICIPAL POETA SOLANO TRINDADE,-8019102,-34892515,52120301,DA REGENERACAO,AGUA FRIA,32327810.0,
290,26170752,ESCOLA MUNICIPAL DEUS E AMOR - ANEXO I,-8018816,-3489834,52111410,MANOEL LOPES,AGUA FRIA,32327807.0,ESCOLADEUSEAMOR@YAHOO.COM.BR
291,26123380,ESCOLA MUNICIPAL ALTO DA BELA VISTA,-8084702,-34968917,50791180,ALTO DA BELA VISTA,TOTO,32321157.0,
292,26170663,ESCOLA MUNICIPAL JARDIM MONTE VERDE,-8116462,-34959245,51340255,CHAPADA DO ARARIPE,COHAB,32323110.0,
293,26170710,ESCOLA MUNICIPAL SITIO DO BERARDO,-8055837,-34914144,50720320,PROFESSOR LINS E SILVA,PRADO,32327520.0,
294,26170744,ESCOLA MUNICIPAL LADJANE BANDEIRA,-8014215,-34902618,52211230,SANTA EFIGENIA,AGUA FRIA,32327805.0,
295,26170639,ESCOLA MUNICIPAL ASA BRANCA,-8124095,-34949264,51290610,MARIA ADELAIDE CASTELO BRANCO,COHAB,32323125.0,
296,26170647,ESCOLA MUNICIPAL DIACONO ABEL GUEIROS,-8014503,-3493124,52090260,NORTE,MACAXEIRA,32324112.0,
297,26170655,ESCOLA MUNICIPAL JARDIM MONTE VERDE - ANEXO I,-8116462,-34959245,51340255,CHAPADA DO ARARIPE,COHAB,32323146.0,
298,26170795,ESCOLA MUNICIPAL ANEXO MANOEL ROLIM,-8081867,-34955321,50790440,ITAMONTE,CURADO,32322517.0,
299,26170779,ESCOLA MUNICIPAL CHICO MENDES,-8103288,-34932769,50875251,DO CAMPO,AREIAS,32322511.0,GORETHSOARES@HOTMAIL.COM
300,26170728,CRECHE MUNICIPAL SITIO GRANDE,-8098504,-34914944,51170400,PADRE CARLOS LEONCIO,IMBIRIBEIRA,32323315.0,
301,26170736,CRECHE MUNICIPAL ESPERANCA,-8066857,-34936716,50761200,LEILA FELIX KARAN,SAN MARTIN,32327527.0,
302,26157489,CRECHE MUNICIPAL CASINHA AZUL,-8029929,-34934371,50731370,SAO MATEUS,IPUTINGA,32324718.0,
303,26157560,CRECHE MUNICIPAL VINDE A MIM AS CRIANCINHAS,-8055896,-3491285,50720750,EDEIA,MADALENA,32327533.0,
304,26156628,CRECHE MUNICIPAL SITIO DO CARDOSO,-8049244,-34912799,50710470,PADRE LANDIN,MADALENA,32327323.0,CRECHESITIODOCARDOSO@GMAIL.COM
305,26156750,CRECHE MUNICIPAL DA TORRE,-8044674,-3491751,50711550,CANTORA CLARA NUNES,TORRE,32327525.0,
306,26156849,CRECHE MUNICIPAL RODA DE FOGO,-8059606,-34937534,50660330,PINTOR HELIO FEIJO,TORROES,32324757.0,
307,26156792,CRECHE MUNICIPAL DE AFOGADOS,-8084218,-34911434,50770765,CERRO NEGRO,AFOGADOS,32322218.0,
308,26156776,CRECHE MUNICIPAL DA MANGUEIRA,-8074908,-34921305,50820000,21 DE ABRIL,AFOGADOS,32322219.0,
309,26156725,CRECHE MUNICIPAL DO BONGI,-806676,-34915379,50751110,MAJOR MARIO PORTELA,BONGI,32327524.0,
310,26156695,CRECHE MUNICIPAL DO JORDAO BAIXO-,-8135771,-3493694,51260620,SAO JOSE DA LAJE,IBURA,32323513.0,
311,26156610,CRECHE MUNICIPAL DO IBURA-,-8134258,-34949208,51000000,EXPEDICIONARIO FRANCISCO VITORIANO,COHAB,32323130.0,
312,26171660,CRECHE MUNICIPAL NOSSA SENHORA DE FATIMA,-799761,-34933288,52091210,ALTO DO RESERVATORIO,BREJO DA GUABIRABA,32324192.0,
313,26171651,CRECHE MUNICIPAL MONTE DAS OLIVEIRAS,-800063,-3493356,52091260,ALTO DA BRASILEIRA,BREJO DA GUABIRABA,32324163.0,
314,26171694,ESCOLA MUNICIPAL ALDA ROMEU - ANX IV,-8012292,-3490312,52211250,CORREGO DO DEODATO,AGUA FRIA,32327863.0,EMALDAROMEU@YAHOO.COM.BR
315,26171643,CRECHE MUNICIPAL ARITANA,-8108987,-34906591,51160270,MANOEL CAVALCANTI BEZERRA,IMBIRIBEIRA,32323409.0,
316,26168111,ESCOLA MUNICIPAL DO PANTANAL - ANEXO II,-8106241,-34958716,51345820,PRESIDENTE MEDICI,BARRO,32323132.0,
317,26171740,ESCOLA MUNICIPAL DA GUABIRABA,-7993301,-34935166,52291140,CASSITERITA,BREJO DA GUABIRABA,32324323.0,EMDAGUABIRABA@GMAIL.COM
318,26171767,ESCOLA MUNICIPAL CARLUCIO CASTANHA,-8121345,-3494648,51290310,PERNAMBUCO,COHAB,32323426.0,
319,26171708,ESCOLA MUNICIPAL TRES CARNEIROS - ANEXO I,-8130492,-34949284,51300360,CURUCA,IBURA,,
320,26171724,ESCOLA MUNICIPAL JOAO AMAZONAS,-8002044,-34906058,52140340,BELA VISTA,DOIS UNIDOS,32327819.0,
