,ANO,ID,UNIDADE DE ENSINO,CARGO,TIPO DE FUNÇÃO,QUANTIDADE
0,2024,1,27 DE NOVEMBRO,PROFESSOR 1,,2
1,2024,2,27 DE NOVEMBRO,PROFESSOR 1,Apoio Pedagógico Diurno,1
2,2024,3,27 DE NOVEMBRO,PROFESSOR 1,Coordenador pedagógico,1
3,2024,4,27 DE NOVEMBRO,PROFESSOR 1,Diretor,1
4,2024,5,27 DE NOVEMBRO,PROFESSOR 1,em sala de aula,9
5,2024,6,27 DE NOVEMBRO,PROFESSOR 1,Vice-diretor,1
6,2024,7,ABILIO GOMES,PROFESSOR 1,Apoio Pedagógico Noturno,1
7,2024,8,ABILIO GOMES,PROFESSOR 1,Coordenador pedagógico,1
8,2024,9,ABILIO GOMES,PROFESSOR 1,Diretor,1
9,2024,10,ABILIO GOMES,PROFESSOR 1,em sala de aula,9
10,2024,11,ABILIO GOMES,PROFESSOR 1,Professor Readaptado,2
11,2024,12,ABILIO GOMES,PROFESSOR 1,Vice-diretor,1
12,2024,13,ALDA ROMEU,PROFESSOR 1,,4
13,2024,14,ALDA ROMEU,PROFESSOR 1,Assistente de direção,1
14,2024,15,ALDA ROMEU,PROFESSOR 1,Coordenador pedagógico,1
15,2024,16,ALDA ROMEU,PROFESSOR 1,Diretor,1
16,2024,17,ALDA ROMEU,PROFESSOR 1,em sala de aula,7
17,2024,18,ALDA ROMEU,PROFESSOR 1,Professor Readaptado,2
18,2024,19,ALDA ROMEU,PROFESSOR 1,Vice-diretor,1
19,2024,20,ALMIRANTE SOARES DUTRA,PROFESSOR 1,,1
20,2024,21,ALMIRANTE SOARES DUTRA,PROFESSOR 1,Assistente de direção,1
21,2024,22,ALMIRANTE SOARES DUTRA,PROFESSOR 1,Coordenador pedagógico,1
22,2024,23,ALMIRANTE SOARES DUTRA,PROFESSOR 1,Diretor,1
23,2024,24,ALMIRANTE SOARES DUTRA,PROFESSOR 1,em sala de aula,11
24,2024,25,ALMIRANTE SOARES DUTRA,PROFESSOR 1,Professor Readaptado,2
25,2024,26,ALTO DA BELA VISTA,PROFESSOR 1,,1
26,2024,27,ALTO DA BELA VISTA,PROFESSOR 1,Coordenador pedagógico,1
27,2024,28,ALTO DA BELA VISTA,PROFESSOR 1,Diretor,1
28,2024,29,ALTO DA BELA VISTA,PROFESSOR 1,em sala de aula,6
29,2024,30,ALTO DA BELA VISTA,PROFESSOR 1,Vice-diretor,1
30,2024,31,ALTO DA GUABIRABA,PROFESSOR 1,,1
31,2024,32,ALTO DA GUABIRABA,PROFESSOR 1,Apoio Pedagógico Noturno,1
32,2024,33,ALTO DA GUABIRABA,PROFESSOR 1,Coordenador pedagógico,2
33,2024,34,ALTO DA GUABIRABA,PROFESSOR 1,Diretor,1
34,2024,35,ALTO DA GUABIRABA,PROFESSOR 1,em sala de aula,11
35,2024,36,ALTO DA GUABIRABA,PROFESSOR 1,Professor Readaptado,1
36,2024,37,ALTO DA GUABIRABA,PROFESSOR 1,Vice-diretor,1
37,2024,38,ALTO DO MARACANA,PROFESSOR 1,,2
38,2024,39,ALTO DO MARACANA,PROFESSOR 1,Apoio Pedagógico Diurno,1
39,2024,40,ALTO DO MARACANA,PROFESSOR 1,Assistente de direção,1
40,2024,41,ALTO DO MARACANA,PROFESSOR 1,Coordenador pedagógico,1
41,2024,42,ALTO DO MARACANA,PROFESSOR 1,Diretor,1
42,2024,43,ALTO DO MARACANA,PROFESSOR 1,em sala de aula,9
43,2024,44,ALTO DO MARACANA,PROFESSOR 1,Vice-diretor,1
44,2024,45,ALTO DO PASCOAL,PROFESSOR 1,,4
45,2024,46,ALTO DO PASCOAL,PROFESSOR 1,Coordenador pedagógico,1
46,2024,47,ALTO DO PASCOAL,PROFESSOR 1,Diretor,1
47,2024,48,ALTO DO PASCOAL,PROFESSOR 1,em sala de aula,14
48,2024,49,ALTO DO PASCOAL,PROFESSOR 1,Professor Readaptado,1
49,2024,50,ALTO DO PASCOAL,PROFESSOR 1,Vice-diretor,1
50,2024,51,ALTO DO REFUGIO IVAN NEVES,PROFESSOR 1,,1
51,2024,52,ALTO DO REFUGIO IVAN NEVES,PROFESSOR 1,Coordenador pedagógico,1
52,2024,53,ALTO DO REFUGIO IVAN NEVES,PROFESSOR 1,Diretor,1
53,2024,54,ALTO DO REFUGIO IVAN NEVES,PROFESSOR 1,em sala de aula,9
54,2024,55,ALTO DO REFUGIO IVAN NEVES,PROFESSOR 1,Vice-diretor,1
55,2024,56,ALTO JARDIM PROGRESSO,PROFESSOR 1,Diretor,1
56,2024,57,ALTO JARDIM PROGRESSO,PROFESSOR 1,em sala de aula,9
57,2024,58,ALTO JARDIM PROGRESSO,PROFESSOR 1,Vice-diretor,1
58,2024,59,ALTO SANTA TEREZINHA,PROFESSOR 1,,5
59,2024,60,ALTO SANTA TEREZINHA,PROFESSOR 1,Apoio Pedagógico Diurno,1
60,2024,61,ALTO SANTA TEREZINHA,PROFESSOR 1,Coordenador pedagógico,1
61,2024,62,ALTO SANTA TEREZINHA,PROFESSOR 1,Diretor,1
62,2024,63,ALTO SANTA TEREZINHA,PROFESSOR 1,em sala de aula,14
63,2024,64,ALTO SANTA TEREZINHA,PROFESSOR 1,Outros,1
64,2024,65,ALTO SANTA TEREZINHA,PROFESSOR 1,Professor Readaptado,3
65,2024,66,ALTO SANTA TEREZINHA,PROFESSOR 1,Vice-diretor,1
66,2024,67,ANA MAURICIA WANDERLEY,PROFESSOR 1,,4
67,2024,68,ANA MAURICIA WANDERLEY,PROFESSOR 1,Coordenador pedagógico,1
68,2024,69,ANA MAURICIA WANDERLEY,PROFESSOR 1,Diretor,1
69,2024,70,ANA MAURICIA WANDERLEY,PROFESSOR 1,em sala de aula,5
70,2024,71,ANA MAURICIA WANDERLEY,PROFESSOR 1,Professor Readaptado,1
71,2024,72,ANDRE DE MELO,PROFESSOR 1,,1
72,2024,73,ANDRE DE MELO,PROFESSOR 1,Apoio Pedagógico Diurno,1
73,2024,74,ANDRE DE MELO,PROFESSOR 1,Apoio Pedagógico Noturno,2
74,2024,75,ANDRE DE MELO,PROFESSOR 1,Coordenador pedagógico,2
75,2024,76,ANDRE DE MELO,PROFESSOR 1,Diretor,1
76,2024,77,ANDRE DE MELO,PROFESSOR 1,em sala de aula,12
77,2024,78,ANDRE DE MELO,PROFESSOR 1,Outros,1
78,2024,79,ANDRE DE MELO,PROFESSOR 1,Vice-diretor,1
79,2024,80,ANITA PAES BARRETO,PROFESSOR 1,,2
80,2024,81,ANITA PAES BARRETO,PROFESSOR 1,Coordenador pedagógico,1
81,2024,82,ANITA PAES BARRETO,PROFESSOR 1,Diretor,1
82,2024,83,ANITA PAES BARRETO,PROFESSOR 1,em sala de aula,2
83,2024,84,ANITA PAES BARRETO,PROFESSOR 1,Professor Readaptado,1
84,2024,85,ANITA PAES BARRETO,PROFESSOR 1,Vice-diretor,1
85,2024,86,ANTONIO FARIAS FILHO,PROFESSOR 1,,4
86,2024,87,ANTONIO FARIAS FILHO,PROFESSOR 1,Coordenador pedagógico,1
87,2024,88,ANTONIO FARIAS FILHO,PROFESSOR 1,Diretor,1
88,2024,89,ANTONIO FARIAS FILHO,PROFESSOR 1,em sala de aula,13
89,2024,90,ANTONIO FARIAS FILHO,PROFESSOR 1,Professor Readaptado,4
90,2024,91,ANTONIO FARIAS FILHO,PROFESSOR 1,Vice-diretor,1
91,2024,92,ANTONIO LUIZ,PROFESSOR 1,,3
92,2024,93,ANTONIO LUIZ,PROFESSOR 1,Coordenador pedagógico,1
93,2024,94,ANTONIO LUIZ,PROFESSOR 1,Diretor,1
94,2024,95,ANTONIO LUIZ,PROFESSOR 1,em sala de aula,9
95,2024,96,ANTONIO LUIZ,PROFESSOR 1,Professor Readaptado,2
96,2024,97,ANTONIO LUIZ,PROFESSOR 1,Vice-diretor,1
97,2024,98,ANTONIO TIBURCIO,PROFESSOR 1,,2
98,2024,99,ANTONIO TIBURCIO,PROFESSOR 1,Coordenador pedagógico,1
99,2024,100,ANTONIO TIBURCIO,PROFESSOR 1,Diretor,1
100,2024,101,ANTONIO TIBURCIO,PROFESSOR 1,em sala de aula,7
101,2024,102,ANTONIO TIBURCIO,PROFESSOR 1,Professor Readaptado,1
102,2024,103,ANTONIO TIBURCIO,PROFESSOR 1,Vice-diretor,1
103,2024,104,ARRAIAL NOVO DO BOM JESUS,PROFESSOR 1,Apoio Pedagógico Noturno,3
104,2024,105,ARRAIAL NOVO DO BOM JESUS,PROFESSOR 1,Coordenador pedagógico,3
105,2024,106,ARRAIAL NOVO DO BOM JESUS,PROFESSOR 1,Diretor,1
106,2024,107,ARRAIAL NOVO DO BOM JESUS,PROFESSOR 1,em sala de aula,13
107,2024,108,ARRAIAL NOVO DO BOM JESUS,PROFESSOR 1,Professor Readaptado,3
108,2024,109,ARTISTA PLASTICO CICERO DIAS,PROFESSOR 1,,2
109,2024,110,ARTISTA PLASTICO CICERO DIAS,PROFESSOR 1,Apoio Pedagógico Diurno,2
110,2024,111,ARTISTA PLASTICO CICERO DIAS,PROFESSOR 1,Coordenador pedagógico,1
111,2024,112,ARTISTA PLASTICO CICERO DIAS,PROFESSOR 1,Diretor,1
112,2024,113,ARTISTA PLASTICO CICERO DIAS,PROFESSOR 1,em sala de aula,18
113,2024,114,ARTISTA PLASTICO CICERO DIAS,PROFESSOR 1,Vice-diretor,1
114,2024,115,ASA BRANCA,PROFESSOR 1,,3
115,2024,116,ASA BRANCA,PROFESSOR 1,Diretor,1
116,2024,117,ASA BRANCA,PROFESSOR 1,em sala de aula,6
117,2024,118,ASA BRANCA,PROFESSOR 1,Vice-diretor,1
118,2024,119,BALBINA MENELAU,PROFESSOR 1,,3
119,2024,120,BALBINA MENELAU,PROFESSOR 1,Coordenador pedagógico,1
120,2024,121,BALBINA MENELAU,PROFESSOR 1,Diretor,1
121,2024,122,BALBINA MENELAU,PROFESSOR 1,em sala de aula,10
122,2024,123,BALBINA MENELAU,PROFESSOR 1,Professor Readaptado,1
123,2024,124,BALBINA MENELAU,PROFESSOR 1,Vice-diretor,1
124,2024,125,BEATO EUGENIO MAZENOD,PROFESSOR 1,,1
125,2024,126,BEATO EUGENIO MAZENOD,PROFESSOR 1,Assistente de direção,1
126,2024,127,BEATO EUGENIO MAZENOD,PROFESSOR 1,Diretor,1
127,2024,128,BEATO EUGENIO MAZENOD,PROFESSOR 1,em sala de aula,11
128,2024,129,BEATO EUGENIO MAZENOD,PROFESSOR 1,Outros,1
129,2024,130,BEATO EUGENIO MAZENOD,PROFESSOR 1,Professor Readaptado,3
130,2024,131,BEATO EUGENIO MAZENOD,PROFESSOR 1,Vice-diretor,1
131,2024,132,BOA ESPERANCA,PROFESSOR 1,,2
132,2024,133,BOA ESPERANCA,PROFESSOR 1,Apoio Pedagógico Diurno,2
133,2024,134,BOA ESPERANCA,PROFESSOR 1,Diretor,1
134,2024,135,BOA ESPERANCA,PROFESSOR 1,em sala de aula,9
135,2024,136,BOA ESPERANCA,PROFESSOR 1,Vice-diretor,1
136,2024,137,BOLA NA REDE,PROFESSOR 1,,2
137,2024,138,BOLA NA REDE,PROFESSOR 1,Apoio Pedagógico Noturno,1
138,2024,139,BOLA NA REDE,PROFESSOR 1,Coordenador pedagógico,1
139,2024,140,BOLA NA REDE,PROFESSOR 1,Diretor,1
140,2024,141,BOLA NA REDE,PROFESSOR 1,em sala de aula,12
141,2024,142,BOLA NA REDE,PROFESSOR 1,Professor Readaptado,1
142,2024,143,BOLA NA REDE,PROFESSOR 1,Vice-diretor,1
143,2024,144,CAMPINA DO BARRETO,PROFESSOR 1,,1
144,2024,145,CAMPINA DO BARRETO,PROFESSOR 1,Assistente de direção,1
145,2024,146,CAMPINA DO BARRETO,PROFESSOR 1,Coordenador pedagógico,1
146,2024,147,CAMPINA DO BARRETO,PROFESSOR 1,Diretor,1
147,2024,148,CAMPINA DO BARRETO,PROFESSOR 1,em sala de aula,11
148,2024,149,CAMPINA DO BARRETO,PROFESSOR 1,Vice-diretor,1
149,2024,150,CAPELA SANTO ANTONIO,PROFESSOR 1,,1
150,2024,151,CAPELA SANTO ANTONIO,PROFESSOR 1,Assistente de direção,1
151,2024,152,CAPELA SANTO ANTONIO,PROFESSOR 1,Coordenador pedagógico,1
152,2024,153,CAPELA SANTO ANTONIO,PROFESSOR 1,Diretor,1
153,2024,154,CAPELA SANTO ANTONIO,PROFESSOR 1,em sala de aula,8
154,2024,155,CAPELA SANTO ANTONIO,PROFESSOR 1,Vice-diretor,1
155,2024,156,CARLUCIO DE SOUZA CASTANHA JUNIOR,PROFESSOR 1,,6
156,2024,157,CARLUCIO DE SOUZA CASTANHA JUNIOR,PROFESSOR 1,Apoio Pedagógico Diurno,1
157,2024,158,CARLUCIO DE SOUZA CASTANHA JUNIOR,PROFESSOR 1,Assistente de direção,1
158,2024,159,CARLUCIO DE SOUZA CASTANHA JUNIOR,PROFESSOR 1,Diretor,1
159,2024,160,CARLUCIO DE SOUZA CASTANHA JUNIOR,PROFESSOR 1,em sala de aula,14
160,2024,161,CARLUCIO DE SOUZA CASTANHA JUNIOR,PROFESSOR 1,Professor Readaptado,4
161,2024,162,CARLUCIO DE SOUZA CASTANHA JUNIOR,PROFESSOR 1,Vice-diretor,1
162,2024,163,CASA DOS FERROVIARIOS,PROFESSOR 1,,5
163,2024,164,CASA DOS FERROVIARIOS,PROFESSOR 1,Apoio Pedagógico Noturno,1
164,2024,165,CASA DOS FERROVIARIOS,PROFESSOR 1,Coordenador pedagógico,1
165,2024,166,CASA DOS FERROVIARIOS,PROFESSOR 1,Diretor,1
166,2024,167,CASA DOS FERROVIARIOS,PROFESSOR 1,em sala de aula,18
167,2024,168,CASA DOS FERROVIARIOS,PROFESSOR 1,Professor Readaptado,5
168,2024,169,CASA DOS FERROVIARIOS,PROFESSOR 1,Vice-diretor,1
169,2024,170,CASARAO DO BARBALHO,PROFESSOR 1,,4
170,2024,171,CASARAO DO BARBALHO,PROFESSOR 1,Apoio Pedagógico Diurno,1
171,2024,172,CASARAO DO BARBALHO,PROFESSOR 1,Assistente de direção,1
172,2024,173,CASARAO DO BARBALHO,PROFESSOR 1,Coordenador pedagógico,2
173,2024,174,CASARAO DO BARBALHO,PROFESSOR 1,Diretor,1
174,2024,175,CASARAO DO BARBALHO,PROFESSOR 1,em sala de aula,10
175,2024,176,CASARAO DO BARBALHO,PROFESSOR 1,Professor Readaptado,2
176,2024,177,CECILIA MEIRELLES,PROFESSOR 1,,2
177,2024,178,CECILIA MEIRELLES,PROFESSOR 1,Apoio Pedagógico Diurno,1
178,2024,179,CECILIA MEIRELLES,PROFESSOR 1,Assistente de direção,1
179,2024,180,CECILIA MEIRELLES,PROFESSOR 1,Coordenador pedagógico,1
180,2024,181,CECILIA MEIRELLES,PROFESSOR 1,Diretor,1
181,2024,182,CECILIA MEIRELLES,PROFESSOR 1,em sala de aula,13
182,2024,183,CECILIA MEIRELLES,PROFESSOR 1,Vice-diretor,1
183,2024,184,CELIA ARRAES,PROFESSOR 1,,5
184,2024,185,CELIA ARRAES,PROFESSOR 1,Coordenador pedagógico,1
185,2024,186,CELIA ARRAES,PROFESSOR 1,Diretor,1
186,2024,187,CELIA ARRAES,PROFESSOR 1,em sala de aula,8
187,2024,188,CELIA ARRAES,PROFESSOR 1,Professor Readaptado,2
188,2024,189,CHICO MENDES,PROFESSOR 1,,5
189,2024,190,CHICO MENDES,PROFESSOR 1,Apoio Pedagógico Noturno,1
190,2024,191,CHICO MENDES,PROFESSOR 1,Coordenador pedagógico,1
191,2024,192,CHICO MENDES,PROFESSOR 1,Diretor,1
192,2024,193,CHICO MENDES,PROFESSOR 1,em sala de aula,13
193,2024,194,CHICO MENDES,PROFESSOR 1,Vice-diretor,1
194,2024,195,CICERO FRANKLIN CORDEIRO,PROFESSOR 1,,2
195,2024,196,CICERO FRANKLIN CORDEIRO,PROFESSOR 1,Apoio Pedagógico Diurno,1
196,2024,197,CICERO FRANKLIN CORDEIRO,PROFESSOR 1,Coordenador pedagógico,1
197,2024,198,CICERO FRANKLIN CORDEIRO,PROFESSOR 1,Diretor,1
198,2024,199,CICERO FRANKLIN CORDEIRO,PROFESSOR 1,em sala de aula,8
199,2024,200,CICERO FRANKLIN CORDEIRO,PROFESSOR 1,Outros,1
200,2024,201,CICERO FRANKLIN CORDEIRO,PROFESSOR 1,Professor Readaptado,3
201,2024,202,CIDADAO HERBERT DE SOUZA,PROFESSOR 1,Apoio Pedagógico Diurno,1
202,2024,203,CIDADAO HERBERT DE SOUZA,PROFESSOR 1,Diretor,1
203,2024,204,CIDADAO HERBERT DE SOUZA,PROFESSOR 1,em sala de aula,10
204,2024,205,CIDADAO HERBERT DE SOUZA,PROFESSOR 1,Outros,2
205,2024,206,CIDADAO HERBERT DE SOUZA,PROFESSOR 1,Professor Readaptado,3
206,2024,207,CIDADAO HERBERT DE SOUZA,PROFESSOR 1,Vice-diretor,1
207,2024,208,CLARICE LISPECTOR,PROFESSOR 1,,3
208,2024,209,CLARICE LISPECTOR,PROFESSOR 1,Diretor,1
209,2024,210,CLARICE LISPECTOR,PROFESSOR 1,em sala de aula,7
210,2024,211,CLARICE LISPECTOR,PROFESSOR 1,Outros,1
211,2024,212,CLARICE LISPECTOR,PROFESSOR 1,Professor Readaptado,1
212,2024,213,CLARICE LISPECTOR,PROFESSOR 1,Vice-diretor,1
213,2024,214,COMPOSITOR CAPIBA,PROFESSOR 1,,1
214,2024,215,COMPOSITOR CAPIBA,PROFESSOR 1,Coordenador pedagógico,1
215,2024,216,COMPOSITOR CAPIBA,PROFESSOR 1,Diretor,1
216,2024,217,COMPOSITOR CAPIBA,PROFESSOR 1,em sala de aula,7
217,2024,218,COMPOSITOR CAPIBA,PROFESSOR 1,Outros,1
218,2024,219,COMPOSITOR CAPIBA,PROFESSOR 1,Professor Readaptado,1
219,2024,220,COMPOSITOR CAPIBA,PROFESSOR 1,Vice-diretor,1
220,2024,221,COMPOSITOR LEVINO FERREIRA,PROFESSOR 1,,1
221,2024,222,COMPOSITOR LEVINO FERREIRA,PROFESSOR 1,Diretor,1
222,2024,223,COMPOSITOR LEVINO FERREIRA,PROFESSOR 1,em sala de aula,6
223,2024,224,COMPOSITOR LEVINO FERREIRA,PROFESSOR 1,Professor Readaptado,3
224,2024,225,COMPOSITOR LEVINO FERREIRA,PROFESSOR 1,Vice-diretor,1
225,2024,226,CORREGO DA AREIA,PROFESSOR 1,,2
226,2024,227,CORREGO DA AREIA,PROFESSOR 1,Diretor,1
227,2024,228,CORREGO DA AREIA,PROFESSOR 1,em sala de aula,8
228,2024,229,CORREGO DA AREIA,PROFESSOR 1,Professor Readaptado,1
229,2024,230,CORREGO DA AREIA,PROFESSOR 1,Vice-diretor,1
230,2024,231,CORREGO DA BICA,PROFESSOR 1,,5
231,2024,232,CORREGO DA BICA,PROFESSOR 1,Coordenador pedagógico,1
232,2024,233,CORREGO DA BICA,PROFESSOR 1,Diretor,1
233,2024,234,CORREGO DA BICA,PROFESSOR 1,em sala de aula,10
234,2024,235,CORREGO DA BICA,PROFESSOR 1,Professor Readaptado,1
235,2024,236,CORREGO DA BICA,PROFESSOR 1,Vice-diretor,1
236,2024,237,CORREGO DO EUCLIDES,PROFESSOR 1,,5
237,2024,238,CORREGO DO EUCLIDES,PROFESSOR 1,Apoio Pedagógico Diurno,1
238,2024,239,CORREGO DO EUCLIDES,PROFESSOR 1,Apoio Pedagógico Noturno,1
239,2024,240,CORREGO DO EUCLIDES,PROFESSOR 1,Coordenador pedagógico,1
240,2024,241,CORREGO DO EUCLIDES,PROFESSOR 1,Diretor,1
241,2024,242,CORREGO DO EUCLIDES,PROFESSOR 1,em sala de aula,8
242,2024,243,CORREGO DO EUCLIDES,PROFESSOR 1,Vice-diretor,1
243,2024,244,CREUSA DE FREITAS CAVALCANTI,PROFESSOR 1,,5
244,2024,245,CREUSA DE FREITAS CAVALCANTI,PROFESSOR 1,Assistente de direção,1
245,2024,246,CREUSA DE FREITAS CAVALCANTI,PROFESSOR 1,Coordenador pedagógico,2
246,2024,247,CREUSA DE FREITAS CAVALCANTI,PROFESSOR 1,Diretor,1
247,2024,248,CREUSA DE FREITAS CAVALCANTI,PROFESSOR 1,em sala de aula,16
248,2024,249,CREUSA DE FREITAS CAVALCANTI,PROFESSOR 1,Professor Readaptado,1
249,2024,250,CREUSA DE FREITAS CAVALCANTI,PROFESSOR 1,Vice-diretor,1
250,2024,251,CRISTIANO CORDEIRO,PROFESSOR 1,,4
251,2024,252,CRISTIANO CORDEIRO,PROFESSOR 1,Coordenador pedagógico,2
252,2024,253,CRISTIANO CORDEIRO,PROFESSOR 1,Diretor,1
253,2024,254,CRISTIANO CORDEIRO,PROFESSOR 1,em sala de aula,12
254,2024,255,CRISTIANO CORDEIRO,PROFESSOR 1,Professor Readaptado,1
255,2024,256,CRISTIANO CORDEIRO,PROFESSOR 1,Vice-diretor,1
256,2024,257,DA GUABIRABA,PROFESSOR 1,,3
257,2024,258,DA GUABIRABA,PROFESSOR 1,Coordenador pedagógico,2
258,2024,259,DA GUABIRABA,PROFESSOR 1,Diretor,1
259,2024,260,DA GUABIRABA,PROFESSOR 1,em sala de aula,14
260,2024,261,DA GUABIRABA,PROFESSOR 1,Professor Readaptado,4
261,2024,262,DA GUABIRABA,PROFESSOR 1,Vice-diretor,1
262,2024,263,DA IPUTINGA,PROFESSOR 1,,1
263,2024,264,DA IPUTINGA,PROFESSOR 1,Assistente de direção,1
264,2024,265,DA IPUTINGA,PROFESSOR 1,Coordenador pedagógico,2
265,2024,266,DA IPUTINGA,PROFESSOR 1,Diretor,1
266,2024,267,DA IPUTINGA,PROFESSOR 1,em sala de aula,7
267,2024,268,DA MANGABEIRA,PROFESSOR 1,,3
268,2024,269,DA MANGABEIRA,PROFESSOR 1,Apoio Pedagógico Diurno,2
269,2024,270,DA MANGABEIRA,PROFESSOR 1,Apoio Pedagógico Noturno,1
270,2024,271,DA MANGABEIRA,PROFESSOR 1,Coordenador pedagógico,1
271,2024,272,DA MANGABEIRA,PROFESSOR 1,Diretor,1
272,2024,273,DA MANGABEIRA,PROFESSOR 1,em sala de aula,6
273,2024,274,DARCY RIBEIRO,PROFESSOR 1,,3
274,2024,275,DARCY RIBEIRO,PROFESSOR 1,Coordenador pedagógico,1
275,2024,276,DARCY RIBEIRO,PROFESSOR 1,Diretor,1
276,2024,277,DARCY RIBEIRO,PROFESSOR 1,em sala de aula,20
277,2024,278,DARCY RIBEIRO,PROFESSOR 1,Professor Readaptado,2
278,2024,279,DARCY RIBEIRO,PROFESSOR 1,Vice-diretor,1
279,2024,280,DE AGUA FRIA,PROFESSOR 1,,2
280,2024,281,DE AGUA FRIA,PROFESSOR 1,Coordenador pedagógico,2
281,2024,282,DE AGUA FRIA,PROFESSOR 1,Diretor,1
282,2024,283,DE AGUA FRIA,PROFESSOR 1,em sala de aula,9
283,2024,284,DE AGUA FRIA,PROFESSOR 1,Professor Readaptado,1
284,2024,285,DE AGUA FRIA,PROFESSOR 1,Vice-diretor,1
285,2024,286,DE BEBERIBE,PROFESSOR 1,,2
286,2024,287,DE BEBERIBE,PROFESSOR 1,Coordenador pedagógico,1
287,2024,288,DE BEBERIBE,PROFESSOR 1,Diretor,1
288,2024,289,DE BEBERIBE,PROFESSOR 1,em sala de aula,8
289,2024,290,DE BEBERIBE,PROFESSOR 1,Outros,1
290,2024,291,DE BEBERIBE,PROFESSOR 1,Vice-diretor,1
291,2024,292,DE CASA AMARELA,PROFESSOR 1,,3
292,2024,293,DE CASA AMARELA,PROFESSOR 1,Coordenador pedagógico,1
293,2024,294,DE CASA AMARELA,PROFESSOR 1,Diretor,1
294,2024,295,DE CASA AMARELA,PROFESSOR 1,em sala de aula,9
295,2024,296,DE CASA AMARELA,PROFESSOR 1,Vice-diretor,1
296,2024,297,DE DOIS RIOS,PROFESSOR 1,,2
297,2024,298,DE DOIS RIOS,PROFESSOR 1,Assistente de direção,1
298,2024,299,DE DOIS RIOS,PROFESSOR 1,Coordenador pedagógico,1
299,2024,300,DE DOIS RIOS,PROFESSOR 1,Diretor,1
300,2024,301,DE DOIS RIOS,PROFESSOR 1,em sala de aula,7
301,2024,302,DE DOIS RIOS,PROFESSOR 1,Outros,1
302,2024,303,DE DOIS RIOS,PROFESSOR 1,Professor Readaptado,2
303,2024,304,DE DOIS RIOS,PROFESSOR 1,Vice-diretor,1
304,2024,305,DE TEJIPIO,PROFESSOR 1,,2
305,2024,306,DE TEJIPIO,PROFESSOR 1,Apoio Pedagógico Noturno,1
306,2024,307,DE TEJIPIO,PROFESSOR 1,Coordenador pedagógico,1
307,2024,308,DE TEJIPIO,PROFESSOR 1,Diretor,1
308,2024,309,DE TEJIPIO,PROFESSOR 1,em sala de aula,10
309,2024,310,DE TEJIPIO,PROFESSOR 1,Professor Readaptado,4
310,2024,311,DE TEJIPIO,PROFESSOR 1,Vice-diretor,1
311,2024,312,DEPUTADO EDSON CANTARELLI,PROFESSOR 1,,5
312,2024,313,DEPUTADO EDSON CANTARELLI,PROFESSOR 1,Apoio Pedagógico Noturno,2
313,2024,314,DEPUTADO EDSON CANTARELLI,PROFESSOR 1,Assistente de direção,1
314,2024,315,DEPUTADO EDSON CANTARELLI,PROFESSOR 1,Coordenador pedagógico,1
315,2024,316,DEPUTADO EDSON CANTARELLI,PROFESSOR 1,Diretor,1
316,2024,317,DEPUTADO EDSON CANTARELLI,PROFESSOR 1,em sala de aula,7
317,2024,318,DEPUTADO EDSON CANTARELLI,PROFESSOR 1,Professor Readaptado,3
318,2024,319,DEPUTADO EDSON CANTARELLI,PROFESSOR 1,Vice-diretor,1
319,2024,320,DEPUTADO FERNANDO SAMPAIO,PROFESSOR 1,,3
320,2024,321,DEPUTADO FERNANDO SAMPAIO,PROFESSOR 1,Apoio Pedagógico Diurno,1
321,2024,322,DEPUTADO FERNANDO SAMPAIO,PROFESSOR 1,Diretor,1
322,2024,323,DEPUTADO FERNANDO SAMPAIO,PROFESSOR 1,em sala de aula,7
323,2024,324,DEPUTADO FERNANDO SAMPAIO,PROFESSOR 1,Vice-diretor,1
324,2024,325,DEUS E AMOR,PROFESSOR 1,Coordenador pedagógico,1
325,2024,326,DEUS E AMOR,PROFESSOR 1,Diretor,1
326,2024,327,DEUS E AMOR,PROFESSOR 1,em sala de aula,6
327,2024,328,DEUS E AMOR,PROFESSOR 1,Vice-diretor,1
328,2024,329,DIACONO ABEL GUEIROS,PROFESSOR 1,,2
329,2024,330,DIACONO ABEL GUEIROS,PROFESSOR 1,Diretor,1
330,2024,331,DIACONO ABEL GUEIROS,PROFESSOR 1,em sala de aula,10
331,2024,332,DIACONO ABEL GUEIROS,PROFESSOR 1,Professor Readaptado,3
332,2024,333,DIACONO ABEL GUEIROS,PROFESSOR 1,Vice-diretor,1
333,2024,334,DINA DE OLIVEIRA,PROFESSOR 1,,5
334,2024,335,DINA DE OLIVEIRA,PROFESSOR 1,Apoio Pedagógico Diurno,1
335,2024,336,DINA DE OLIVEIRA,PROFESSOR 1,Apoio Pedagógico Noturno,1
336,2024,337,DINA DE OLIVEIRA,PROFESSOR 1,Assistente de direção,1
337,2024,338,DINA DE OLIVEIRA,PROFESSOR 1,Coordenador pedagógico,1
338,2024,339,DINA DE OLIVEIRA,PROFESSOR 1,Diretor,1
339,2024,340,DINA DE OLIVEIRA,PROFESSOR 1,em sala de aula,24
340,2024,341,DINA DE OLIVEIRA,PROFESSOR 1,Outros,1
341,2024,342,DINA DE OLIVEIRA,PROFESSOR 1,Vice-diretor,1
342,2024,343,DO BARRO,PROFESSOR 1,,4
343,2024,344,DO BARRO,PROFESSOR 1,Coordenador pedagógico,1
344,2024,345,DO BARRO,PROFESSOR 1,Diretor,1
345,2024,346,DO BARRO,PROFESSOR 1,em sala de aula,8
346,2024,347,DO BARRO,PROFESSOR 1,Professor Readaptado,2
347,2024,348,DO BARRO,PROFESSOR 1,Vice-diretor,1
348,2024,349,DO COQUE,PROFESSOR 1,,7
349,2024,350,DO COQUE,PROFESSOR 1,Coordenador pedagógico,2
350,2024,351,DO COQUE,PROFESSOR 1,Diretor,1
351,2024,352,DO COQUE,PROFESSOR 1,em sala de aula,13
352,2024,353,DO COQUE,PROFESSOR 1,Professor Readaptado,3
353,2024,354,DO COQUE,PROFESSOR 1,Vice-diretor,1
354,2024,355,DO DOM,PROFESSOR 1,,3
355,2024,356,DO DOM,PROFESSOR 1,Apoio Pedagógico Diurno,1
356,2024,357,DO DOM,PROFESSOR 1,Coordenador pedagógico,1
357,2024,358,DO DOM,PROFESSOR 1,Diretor,1
358,2024,359,DO DOM,PROFESSOR 1,em sala de aula,11
359,2024,360,DO DOM,PROFESSOR 1,Professor Readaptado,1
360,2024,361,DO DOM,PROFESSOR 1,Vice-diretor,1
361,2024,362,DO JORDAO,PROFESSOR 1,,3
362,2024,363,DO JORDAO,PROFESSOR 1,Assistente de direção,1
363,2024,364,DO JORDAO,PROFESSOR 1,Coordenador pedagógico,1
364,2024,365,DO JORDAO,PROFESSOR 1,Diretor,1
365,2024,366,DO JORDAO,PROFESSOR 1,em sala de aula,8
366,2024,367,DO JORDAO,PROFESSOR 1,Professor Readaptado,3
367,2024,368,DO JORDAO,PROFESSOR 1,Vice-diretor,1
368,2024,369,DO LEAO,PROFESSOR 1,,3
369,2024,370,DO LEAO,PROFESSOR 1,Coordenador pedagógico,1
370,2024,371,DO LEAO,PROFESSOR 1,Diretor,1
371,2024,372,DO LEAO,PROFESSOR 1,em sala de aula,10
372,2024,373,DO LEAO,PROFESSOR 1,Outros,2
373,2024,374,DO LEAO,PROFESSOR 1,Professor Readaptado,2
374,2024,375,DO LEAO,PROFESSOR 1,Vice-diretor,1
375,2024,376,DO PANTANAL - ANEXO I,PROFESSOR 1,,5
376,2024,377,DO PANTANAL - ANEXO I,PROFESSOR 1,Diretor,1
377,2024,378,DO PANTANAL - ANEXO I,PROFESSOR 1,em sala de aula,8
378,2024,379,DO PANTANAL - ANEXO I,PROFESSOR 1,Professor Readaptado,2
379,2024,380,DO PANTANAL - ANEXO I,PROFESSOR 1,Vice-diretor,1
380,2024,381,DO SANCHO,PROFESSOR 1,,7
381,2024,382,DO SANCHO,PROFESSOR 1,Apoio Pedagógico Noturno,1
382,2024,383,DO SANCHO,PROFESSOR 1,Coordenador pedagógico,1
383,2024,384,DO SANCHO,PROFESSOR 1,Diretor,1
384,2024,385,DO SANCHO,PROFESSOR 1,em sala de aula,12
385,2024,386,DO SANCHO,PROFESSOR 1,Professor Readaptado,2
386,2024,387,DO SANCHO,PROFESSOR 1,Vice-diretor,1
387,2024,388,DOM HELDER CAMARA,PROFESSOR 1,,5
388,2024,389,DOM HELDER CAMARA,PROFESSOR 1,Coordenador pedagógico,1
389,2024,390,DOM HELDER CAMARA,PROFESSOR 1,Diretor,1
390,2024,391,DOM HELDER CAMARA,PROFESSOR 1,em sala de aula,9
391,2024,392,DOM HELDER CAMARA,PROFESSOR 1,Outros,1
392,2024,393,DOM HELDER CAMARA,PROFESSOR 1,Professor Readaptado,2
393,2024,394,DOM HELDER CAMARA,PROFESSOR 1,Vice-diretor,1
394,2024,395,DOM JOSE LAMARTINE SOARES,PROFESSOR 1,,1
395,2024,396,DOM JOSE LAMARTINE SOARES,PROFESSOR 1,Coordenador pedagógico,1
396,2024,397,DOM JOSE LAMARTINE SOARES,PROFESSOR 1,Diretor,1
397,2024,398,DOM JOSE LAMARTINE SOARES,PROFESSOR 1,em sala de aula,9
398,2024,399,DOM JOSE LAMARTINE SOARES,PROFESSOR 1,Professor Readaptado,3
399,2024,400,DOM JOSE LAMARTINE SOARES,PROFESSOR 1,Vice-diretor,1
400,2024,401,DOS COELHOS,PROFESSOR 1,,7
401,2024,402,DOS COELHOS,PROFESSOR 1,Apoio Pedagógico Noturno,1
402,2024,403,DOS COELHOS,PROFESSOR 1,Coordenador pedagógico,1
403,2024,404,DOS COELHOS,PROFESSOR 1,Diretor,1
404,2024,405,DOS COELHOS,PROFESSOR 1,em sala de aula,18
405,2024,406,DOS COELHOS,PROFESSOR 1,Vice-diretor,1
406,2024,407,DOS REMEDIOS,PROFESSOR 1,,7
407,2024,408,DOS REMEDIOS,PROFESSOR 1,Coordenador pedagógico,1
408,2024,409,DOS REMEDIOS,PROFESSOR 1,Diretor,1
409,2024,410,DOS REMEDIOS,PROFESSOR 1,em sala de aula,13
410,2024,411,DOS REMEDIOS,PROFESSOR 1,Professor Readaptado,1
411,2024,412,DOS REMEDIOS,PROFESSOR 1,Vice-diretor,1
412,2024,413,DOS TORROES,PROFESSOR 1,,2
413,2024,414,DOS TORROES,PROFESSOR 1,Diretor,1
414,2024,415,DOS TORROES,PROFESSOR 1,em sala de aula,4
415,2024,416,DOS TORROES,PROFESSOR 1,Vice-diretor,1
416,2024,417,DOUTOR ANTONIO CORREIA,PROFESSOR 1,,4
417,2024,418,DOUTOR ANTONIO CORREIA,PROFESSOR 1,Assistente de direção,1
418,2024,419,DOUTOR ANTONIO CORREIA,PROFESSOR 1,Coordenador pedagógico,1
419,2024,420,DOUTOR ANTONIO CORREIA,PROFESSOR 1,Diretor,1
420,2024,421,DOUTOR ANTONIO CORREIA,PROFESSOR 1,em sala de aula,8
421,2024,422,DOUTOR ANTONIO CORREIA,PROFESSOR 1,Professor Readaptado,4
422,2024,423,DOUTOR ANTONIO CORREIA,PROFESSOR 1,Vice-diretor,1
423,2024,424,DOUTOR CAETE,PROFESSOR 1,,1
424,2024,425,DOUTOR CAETE,PROFESSOR 1,Diretor,1
425,2024,426,DOUTOR CAETE,PROFESSOR 1,em sala de aula,5
426,2024,427,DOUTOR CAETE,PROFESSOR 1,Vice-diretor,1
427,2024,428,DOUTOR EBENEZER GUEIROS,PROFESSOR 1,,4
428,2024,429,DOUTOR EBENEZER GUEIROS,PROFESSOR 1,Apoio Pedagógico Noturno,2
429,2024,430,DOUTOR EBENEZER GUEIROS,PROFESSOR 1,Coordenador pedagógico,1
430,2024,431,DOUTOR EBENEZER GUEIROS,PROFESSOR 1,Diretor,1
431,2024,432,DOUTOR EBENEZER GUEIROS,PROFESSOR 1,em sala de aula,12
432,2024,433,DOUTOR EBENEZER GUEIROS,PROFESSOR 1,Professor Readaptado,2
433,2024,434,DOUTOR EBENEZER GUEIROS,PROFESSOR 1,Vice-diretor,1
434,2024,435,DOUTOR SAMUEL GONCALVES,PROFESSOR 1,,1
435,2024,436,DOUTOR SAMUEL GONCALVES,PROFESSOR 1,Coordenador pedagógico,1
436,2024,437,DOUTOR SAMUEL GONCALVES,PROFESSOR 1,Diretor,1
437,2024,438,DOUTOR SAMUEL GONCALVES,PROFESSOR 1,em sala de aula,11
438,2024,439,DOUTOR SAMUEL GONCALVES,PROFESSOR 1,Vice-diretor,1
439,2024,440,DRAOMIRO CHAVES AGUIAR,PROFESSOR 1,,5
440,2024,441,DRAOMIRO CHAVES AGUIAR,PROFESSOR 1,Apoio Pedagógico Diurno,1
441,2024,442,DRAOMIRO CHAVES AGUIAR,PROFESSOR 1,Coordenador pedagógico,2
442,2024,443,DRAOMIRO CHAVES AGUIAR,PROFESSOR 1,Diretor,1
443,2024,444,DRAOMIRO CHAVES AGUIAR,PROFESSOR 1,em sala de aula,11
444,2024,445,DRAOMIRO CHAVES AGUIAR,PROFESSOR 1,Outros,1
445,2024,446,DRAOMIRO CHAVES AGUIAR,PROFESSOR 1,Professor Readaptado,2
446,2024,447,DRAOMIRO CHAVES AGUIAR,PROFESSOR 1,Vice-diretor,1
447,2024,448,EDITE BRAGA,PROFESSOR 1,,8
448,2024,449,EDITE BRAGA,PROFESSOR 1,Coordenador pedagógico,2
449,2024,450,EDITE BRAGA,PROFESSOR 1,Diretor,1
450,2024,451,EDITE BRAGA,PROFESSOR 1,em sala de aula,10
451,2024,452,EDITE BRAGA,PROFESSOR 1,Professor Readaptado,1
452,2024,453,EDITE BRAGA,PROFESSOR 1,Vice-diretor,1
453,2024,454,EDUCADOR PAULO FREIRE,PROFESSOR 1,,4
454,2024,455,EDUCADOR PAULO FREIRE,PROFESSOR 1,Apoio Pedagógico Diurno,1
455,2024,456,EDUCADOR PAULO FREIRE,PROFESSOR 1,Assistente de direção,1
456,2024,457,EDUCADOR PAULO FREIRE,PROFESSOR 1,Coordenador pedagógico,1
457,2024,458,EDUCADOR PAULO FREIRE,PROFESSOR 1,Diretor,1
458,2024,459,EDUCADOR PAULO FREIRE,PROFESSOR 1,em sala de aula,24
459,2024,460,EDUCADOR PAULO FREIRE,PROFESSOR 1,Professor Readaptado,3
460,2024,461,EDUCADOR PAULO FREIRE,PROFESSOR 1,Vice-diretor,1
461,2024,462,EMTI HOSPITAALR SEMEAR,PROFESSOR 1,Coordenador pedagógico,1
462,2024,463,EMTI HOSPITAALR SEMEAR,PROFESSOR 1,Diretor,1
463,2024,464,EMTI HOSPITAALR SEMEAR,PROFESSOR 1,em sala de aula,4
464,2024,465,EMTI HOSPITAALR SEMEAR,PROFESSOR 1,Vice-diretor,1
465,2024,466,ENGENHEIRO EDINALDO MIRANDA DE OLIVEIRA,PROFESSOR 1,,4
466,2024,467,ENGENHEIRO EDINALDO MIRANDA DE OLIVEIRA,PROFESSOR 1,Coordenador pedagógico,1
467,2024,468,ENGENHEIRO EDINALDO MIRANDA DE OLIVEIRA,PROFESSOR 1,Diretor,1
468,2024,469,ENGENHEIRO EDINALDO MIRANDA DE OLIVEIRA,PROFESSOR 1,em sala de aula,9
469,2024,470,ENGENHEIRO EDINALDO MIRANDA DE OLIVEIRA,PROFESSOR 1,Professor Readaptado,3
470,2024,471,ENGENHEIRO EDINALDO MIRANDA DE OLIVEIRA,PROFESSOR 1,Vice-diretor,1
471,2024,472,ENGENHEIRO GUILHERME DINIZ,PROFESSOR 1,Assistente de direção,1
472,2024,473,ENGENHEIRO GUILHERME DINIZ,PROFESSOR 1,Diretor,1
473,2024,474,ENGENHEIRO GUILHERME DINIZ,PROFESSOR 1,em sala de aula,9
474,2024,475,ENGENHEIRO GUILHERME DINIZ,PROFESSOR 1,Professor Readaptado,3
475,2024,476,ENGENHEIRO GUILHERME DINIZ,PROFESSOR 1,Vice-diretor,1
476,2024,477,ENGENHEIRO HENOCH COUTINHO DE MELO,PROFESSOR 1,,2
477,2024,478,ENGENHEIRO HENOCH COUTINHO DE MELO,PROFESSOR 1,Diretor,1
478,2024,479,ENGENHEIRO HENOCH COUTINHO DE MELO,PROFESSOR 1,em sala de aula,10
479,2024,480,ENGENHEIRO HENOCH COUTINHO DE MELO,PROFESSOR 1,Professor Readaptado,1
480,2024,481,ENGENHEIRO HENOCH COUTINHO DE MELO,PROFESSOR 1,Vice-diretor,1
481,2024,482,ENGENHEIRO UMBERTO GONDIM,PROFESSOR 1,,2
482,2024,483,ENGENHEIRO UMBERTO GONDIM,PROFESSOR 1,Coordenador pedagógico,1
483,2024,484,ENGENHEIRO UMBERTO GONDIM,PROFESSOR 1,Diretor,1
484,2024,485,ENGENHEIRO UMBERTO GONDIM,PROFESSOR 1,em sala de aula,19
485,2024,486,ENGENHEIRO UMBERTO GONDIM,PROFESSOR 1,Vice-diretor,1
486,2024,487,ENGENHO DO MEIO,PROFESSOR 1,,3
487,2024,488,ENGENHO DO MEIO,PROFESSOR 1,Apoio Pedagógico Noturno,2
488,2024,489,ENGENHO DO MEIO,PROFESSOR 1,Coordenador pedagógico,2
489,2024,490,ENGENHO DO MEIO,PROFESSOR 1,Diretor,1
490,2024,491,ENGENHO DO MEIO,PROFESSOR 1,em sala de aula,16
491,2024,492,ENGENHO DO MEIO,PROFESSOR 1,Outros,2
492,2024,493,ENGENHO DO MEIO,PROFESSOR 1,Professor Readaptado,3
493,2024,494,ENGENHO DO MEIO,PROFESSOR 1,Vice-diretor,1
494,2024,495,ESCOLA FLUTUANTE AGUAS DO CAPIBARIBE,PROFESSOR 1,Diretor,1
495,2024,496,ESCOLA FLUTUANTE AGUAS DO CAPIBARIBE,PROFESSOR 1,Outros,2
496,2024,497,Escola Municipal de Arte João Pernambuco,PROFESSOR 1,Apoio Pedagógico Diurno,1
497,2024,498,Escola Municipal de Arte João Pernambuco,PROFESSOR 1,Coordenador pedagógico,1
498,2024,499,Escola Municipal de Arte João Pernambuco,PROFESSOR 1,em sala de aula,1
499,2024,500,ESCOLA MUNICIPAL PARA AULA DIGITAIS,PROFESSOR 1,Coordenador pedagógico,1
500,2024,501,ESCOLA MUNICIPAL PARA AULA DIGITAIS,PROFESSOR 1,Diretor,1
501,2024,502,ESCOLA MUNICIPAL PARA AULA DIGITAIS,PROFESSOR 1,em sala de aula,27
502,2024,503,ESCRITOR JOSUE DE CASTRO,PROFESSOR 1,,2
503,2024,504,ESCRITOR JOSUE DE CASTRO,PROFESSOR 1,Coordenador pedagógico,1
504,2024,505,ESCRITOR JOSUE DE CASTRO,PROFESSOR 1,Diretor,1
505,2024,506,ESCRITOR JOSUE DE CASTRO,PROFESSOR 1,em sala de aula,6
506,2024,507,ESCRITOR JOSUE DE CASTRO,PROFESSOR 1,Vice-diretor,1
507,2024,508,FERNANDO SANTA CRUZ,PROFESSOR 1,Coordenador pedagógico,1
508,2024,509,FERNANDO SANTA CRUZ,PROFESSOR 1,Diretor,1
509,2024,510,FERNANDO SANTA CRUZ,PROFESSOR 1,em sala de aula,5
510,2024,511,FERNANDO SANTA CRUZ,PROFESSOR 1,Professor Readaptado,1
511,2024,512,FERNANDO SANTA CRUZ,PROFESSOR 1,Vice-diretor,1
512,2024,513,FUTURO FELIZ,PROFESSOR 1,Coordenador pedagógico,2
513,2024,514,FUTURO FELIZ,PROFESSOR 1,Diretor,1
514,2024,515,FUTURO FELIZ,PROFESSOR 1,em sala de aula,6
515,2024,516,FUTURO FELIZ,PROFESSOR 1,Vice-diretor,1
516,2024,517,GENERAL EMIDIO DANTAS BARRETO,PROFESSOR 1,,5
517,2024,518,GENERAL EMIDIO DANTAS BARRETO,PROFESSOR 1,Apoio Pedagógico Diurno,2
518,2024,519,GENERAL EMIDIO DANTAS BARRETO,PROFESSOR 1,Diretor,1
519,2024,520,GENERAL EMIDIO DANTAS BARRETO,PROFESSOR 1,em sala de aula,8
520,2024,521,GENERAL EMIDIO DANTAS BARRETO,PROFESSOR 1,Professor Readaptado,1
521,2024,522,GENERAL EMIDIO DANTAS BARRETO,PROFESSOR 1,Vice-diretor,1
522,2024,523,GENERAL SAN MARTIN,PROFESSOR 1,,3
523,2024,524,GENERAL SAN MARTIN,PROFESSOR 1,Apoio Pedagógico Diurno,1
524,2024,525,GENERAL SAN MARTIN,PROFESSOR 1,Diretor,1
525,2024,526,GENERAL SAN MARTIN,PROFESSOR 1,em sala de aula,13
526,2024,527,GENERAL SAN MARTIN,PROFESSOR 1,Outros,1
527,2024,528,GENERAL SAN MARTIN,PROFESSOR 1,Vice-diretor,1
528,2024,529,GOVERNADOR MIGUEL ARRAES DE ALENCAR,PROFESSOR 1,,3
529,2024,530,GOVERNADOR MIGUEL ARRAES DE ALENCAR,PROFESSOR 1,Coordenador pedagógico,1
530,2024,531,GOVERNADOR MIGUEL ARRAES DE ALENCAR,PROFESSOR 1,Diretor,1
531,2024,532,GOVERNADOR MIGUEL ARRAES DE ALENCAR,PROFESSOR 1,em sala de aula,21
532,2024,533,GOVERNADOR MIGUEL ARRAES DE ALENCAR,PROFESSOR 1,Outros,3
533,2024,534,GOVERNADOR MIGUEL ARRAES DE ALENCAR,PROFESSOR 1,Professor Readaptado,5
534,2024,535,GOVERNADOR MIGUEL ARRAES DE ALENCAR,PROFESSOR 1,Vice-diretor,1
535,2024,536,HENFIL,PROFESSOR 1,,3
536,2024,537,HENFIL,PROFESSOR 1,Apoio Pedagógico Diurno,1
537,2024,538,HENFIL,PROFESSOR 1,Coordenador pedagógico,1
538,2024,539,HENFIL,PROFESSOR 1,Diretor,1
539,2024,540,HENFIL,PROFESSOR 1,em sala de aula,9
540,2024,541,HENFIL,PROFESSOR 1,Professor Readaptado,2
541,2024,542,HENFIL,PROFESSOR 1,Vice-diretor,1
542,2024,543,HISTORIADOR FLAVIO GUERRA - ANEXO I,PROFESSOR 1,,2
543,2024,544,HISTORIADOR FLAVIO GUERRA - ANEXO I,PROFESSOR 1,Diretor,1
544,2024,545,HISTORIADOR FLAVIO GUERRA - ANEXO I,PROFESSOR 1,em sala de aula,7
545,2024,546,HISTORIADOR FLAVIO GUERRA - ANEXO I,PROFESSOR 1,Vice-diretor,1
546,2024,547,IBURA DE BAIXO,PROFESSOR 1,,2
547,2024,548,IBURA DE BAIXO,PROFESSOR 1,Apoio Pedagógico Diurno,1
548,2024,549,IBURA DE BAIXO,PROFESSOR 1,Coordenador pedagógico,1
549,2024,550,IBURA DE BAIXO,PROFESSOR 1,Diretor,1
550,2024,551,IBURA DE BAIXO,PROFESSOR 1,em sala de aula,11
551,2024,552,IBURA DE BAIXO,PROFESSOR 1,Vice-diretor,1
552,2024,553,INES SOARES DE LIMA,PROFESSOR 1,,2
553,2024,554,INES SOARES DE LIMA,PROFESSOR 1,Assistente de direção,1
554,2024,555,INES SOARES DE LIMA,PROFESSOR 1,Coordenador pedagógico,1
555,2024,556,INES SOARES DE LIMA,PROFESSOR 1,Diretor,1
556,2024,557,INES SOARES DE LIMA,PROFESSOR 1,em sala de aula,8
557,2024,558,INES SOARES DE LIMA,PROFESSOR 1,Professor Readaptado,3
558,2024,559,INES SOARES DE LIMA,PROFESSOR 1,Vice-diretor,1
559,2024,560,IRMA TEREZINHA BATISTA - ANEXO I,PROFESSOR 1,,5
560,2024,561,IRMA TEREZINHA BATISTA - ANEXO I,PROFESSOR 1,Coordenador pedagógico,1
561,2024,562,IRMA TEREZINHA BATISTA - ANEXO I,PROFESSOR 1,Diretor,1
562,2024,563,IRMA TEREZINHA BATISTA - ANEXO I,PROFESSOR 1,em sala de aula,11
563,2024,564,IRMA TEREZINHA BATISTA - ANEXO I,PROFESSOR 1,Outros,1
564,2024,565,IRMA TEREZINHA BATISTA - ANEXO I,PROFESSOR 1,Professor Readaptado,1
565,2024,566,IRMA TEREZINHA BATISTA - ANEXO I,PROFESSOR 1,Vice-diretor,1
566,2024,567,ISAAC PEREIRA DA SILVA,PROFESSOR 1,,4
567,2024,568,ISAAC PEREIRA DA SILVA,PROFESSOR 1,Coordenador pedagógico,1
568,2024,569,ISAAC PEREIRA DA SILVA,PROFESSOR 1,Diretor,1
569,2024,570,ISAAC PEREIRA DA SILVA,PROFESSOR 1,em sala de aula,8
570,2024,571,ISAAC PEREIRA DA SILVA,PROFESSOR 1,Vice-diretor,1
571,2024,572,JADER FIGUEIREDO DE ANDRADE SILVA - ANEX,PROFESSOR 1,Apoio Pedagógico Diurno,2
572,2024,573,JADER FIGUEIREDO DE ANDRADE SILVA - ANEX,PROFESSOR 1,Coordenador pedagógico,1
573,2024,574,JADER FIGUEIREDO DE ANDRADE SILVA - ANEX,PROFESSOR 1,Diretor,1
574,2024,575,JADER FIGUEIREDO DE ANDRADE SILVA - ANEX,PROFESSOR 1,em sala de aula,11
575,2024,576,JADER FIGUEIREDO DE ANDRADE SILVA - ANEX,PROFESSOR 1,Professor Readaptado,1
576,2024,577,JADER FIGUEIREDO DE ANDRADE SILVA - ANEX,PROFESSOR 1,Vice-diretor,1
577,2024,578,JARDIM MAURICEIA,PROFESSOR 1,,1
578,2024,579,JARDIM MAURICEIA,PROFESSOR 1,Coordenador pedagógico,1
579,2024,580,JARDIM MAURICEIA,PROFESSOR 1,Diretor,1
580,2024,581,JARDIM MAURICEIA,PROFESSOR 1,em sala de aula,14
581,2024,582,JARDIM MAURICEIA,PROFESSOR 1,Professor Readaptado,2
582,2024,583,JARDIM MAURICEIA,PROFESSOR 1,Vice-diretor,1
583,2024,584,JARDIM MONTE VERDE,PROFESSOR 1,,3
584,2024,585,JARDIM MONTE VERDE,PROFESSOR 1,Diretor,1
585,2024,586,JARDIM MONTE VERDE,PROFESSOR 1,em sala de aula,12
586,2024,587,JARDIM MONTE VERDE,PROFESSOR 1,Professor Readaptado,2
587,2024,588,JARDIM MONTE VERDE,PROFESSOR 1,Vice-diretor,1
588,2024,589,JARDIM UCHOA,PROFESSOR 1,,3
589,2024,590,JARDIM UCHOA,PROFESSOR 1,Apoio Pedagógico Diurno,1
590,2024,591,JARDIM UCHOA,PROFESSOR 1,Diretor,1
591,2024,592,JARDIM UCHOA,PROFESSOR 1,em sala de aula,11
592,2024,593,JARDIM UCHOA,PROFESSOR 1,Professor Readaptado,2
593,2024,594,JARDIM UCHOA,PROFESSOR 1,Vice-diretor,1
594,2024,595,JOAO PESSOA GUERRA,PROFESSOR 1,,2
595,2024,596,JOAO PESSOA GUERRA,PROFESSOR 1,Apoio Pedagógico Noturno,1
596,2024,597,JOAO PESSOA GUERRA,PROFESSOR 1,Assistente de direção,1
597,2024,598,JOAO PESSOA GUERRA,PROFESSOR 1,Coordenador pedagógico,1
598,2024,599,JOAO PESSOA GUERRA,PROFESSOR 1,Diretor,1
599,2024,600,JOAO PESSOA GUERRA,PROFESSOR 1,em sala de aula,7
600,2024,601,JOAO PESSOA GUERRA,PROFESSOR 1,Outros,1
601,2024,602,JOAO PESSOA GUERRA,PROFESSOR 1,Professor Readaptado,2
602,2024,603,JOAO PESSOA GUERRA,PROFESSOR 1,Vice-diretor,1
603,2024,604,JOAO XXIII,PROFESSOR 1,,2
604,2024,605,JOAO XXIII,PROFESSOR 1,Apoio Pedagógico Diurno,1
605,2024,606,JOAO XXIII,PROFESSOR 1,em sala de aula,6
606,2024,607,JOAO XXIII,PROFESSOR 1,Professor Readaptado,2
607,2024,608,JOAO XXIII,PROFESSOR 1,Vice-diretor,1
608,2024,609,JORDAO BAIXO - ANEXO I,PROFESSOR 1,,2
609,2024,610,JORDAO BAIXO - ANEXO I,PROFESSOR 1,Apoio Pedagógico Diurno,1
610,2024,611,JORDAO BAIXO - ANEXO I,PROFESSOR 1,Coordenador pedagógico,1
611,2024,612,JORDAO BAIXO - ANEXO I,PROFESSOR 1,Diretor,1
612,2024,613,JORDAO BAIXO - ANEXO I,PROFESSOR 1,em sala de aula,5
613,2024,614,JORDAO BAIXO - ANEXO I,PROFESSOR 1,Professor Readaptado,1
614,2024,615,JORDAO BAIXO - ANEXO I,PROFESSOR 1,Vice-diretor,1
615,2024,616,JOSE MUCIO MONTEIRO,PROFESSOR 1,Coordenador pedagógico,1
616,2024,617,JOSE MUCIO MONTEIRO,PROFESSOR 1,Diretor,1
617,2024,618,JOSE MUCIO MONTEIRO,PROFESSOR 1,em sala de aula,8
618,2024,619,JOSE MUCIO MONTEIRO,PROFESSOR 1,Outros,1
619,2024,620,JOSE MUCIO MONTEIRO,PROFESSOR 1,Professor Readaptado,1
620,2024,621,JOSE MUCIO MONTEIRO,PROFESSOR 1,Vice-diretor,1
621,2024,622,JOSEFINA MARINHO,PROFESSOR 1,,1
622,2024,623,JOSEFINA MARINHO,PROFESSOR 1,Apoio Pedagógico Noturno,1
623,2024,624,JOSEFINA MARINHO,PROFESSOR 1,Coordenador pedagógico,1
624,2024,625,JOSEFINA MARINHO,PROFESSOR 1,Diretor,1
625,2024,626,JOSEFINA MARINHO,PROFESSOR 1,em sala de aula,6
626,2024,627,JOSEFINA MARINHO,PROFESSOR 1,Professor Readaptado,1
627,2024,628,JOSEFINA MARINHO,PROFESSOR 1,Vice-diretor,1
628,2024,629,JULIO VICENTE ALVES DE ARAU ANX I CERVAC,PROFESSOR 1,,1
629,2024,630,JULIO VICENTE ALVES DE ARAU ANX I CERVAC,PROFESSOR 1,Apoio Pedagógico Diurno,1
630,2024,631,JULIO VICENTE ALVES DE ARAU ANX I CERVAC,PROFESSOR 1,Diretor,1
631,2024,632,JULIO VICENTE ALVES DE ARAU ANX I CERVAC,PROFESSOR 1,em sala de aula,8
632,2024,633,JULIO VICENTE ALVES DE ARAU ANX I CERVAC,PROFESSOR 1,Vice-diretor,1
633,2024,634,KARLA PATRICIA,PROFESSOR 1,,4
634,2024,635,KARLA PATRICIA,PROFESSOR 1,Apoio Pedagógico Diurno,2
635,2024,636,KARLA PATRICIA,PROFESSOR 1,Apoio Pedagógico Noturno,3
636,2024,637,KARLA PATRICIA,PROFESSOR 1,Coordenador pedagógico,2
637,2024,638,KARLA PATRICIA,PROFESSOR 1,Diretor,1
638,2024,639,KARLA PATRICIA,PROFESSOR 1,em sala de aula,12
639,2024,640,KARLA PATRICIA,PROFESSOR 1,Vice-diretor,1
640,2024,641,LAGOA ENCANTADA,PROFESSOR 1,,3
641,2024,642,LAGOA ENCANTADA,PROFESSOR 1,Apoio Pedagógico Diurno,1
642,2024,643,LAGOA ENCANTADA,PROFESSOR 1,Diretor,1
643,2024,644,LAGOA ENCANTADA,PROFESSOR 1,em sala de aula,9
644,2024,645,LAGOA ENCANTADA,PROFESSOR 1,Vice-diretor,1
645,2024,646,LUIZ LUA GONZAGA,PROFESSOR 1,,2
646,2024,647,LUIZ LUA GONZAGA,PROFESSOR 1,Coordenador pedagógico,1
647,2024,648,LUIZ LUA GONZAGA,PROFESSOR 1,Diretor,1
648,2024,649,LUIZ LUA GONZAGA,PROFESSOR 1,em sala de aula,8
649,2024,650,LUIZ LUA GONZAGA,PROFESSOR 1,Professor Readaptado,2
650,2024,651,LUIZ LUA GONZAGA,PROFESSOR 1,Vice-diretor,1
651,2024,652,LUTADORES DO BEM,PROFESSOR 1,,6
652,2024,653,LUTADORES DO BEM,PROFESSOR 1,Coordenador pedagógico,1
653,2024,654,LUTADORES DO BEM,PROFESSOR 1,Diretor,1
654,2024,655,LUTADORES DO BEM,PROFESSOR 1,em sala de aula,11
655,2024,656,LUTADORES DO BEM,PROFESSOR 1,Professor Readaptado,3
656,2024,657,LUTADORES DO BEM,PROFESSOR 1,Vice-diretor,1
657,2024,658,MAESTRO NELSON FERREIRA,PROFESSOR 1,,1
658,2024,659,MAESTRO NELSON FERREIRA,PROFESSOR 1,Coordenador pedagógico,1
659,2024,660,MAESTRO NELSON FERREIRA,PROFESSOR 1,Diretor,1
660,2024,661,MAESTRO NELSON FERREIRA,PROFESSOR 1,em sala de aula,5
661,2024,662,MAESTRO NELSON FERREIRA,PROFESSOR 1,Professor Readaptado,1
662,2024,663,MAESTRO NELSON FERREIRA,PROFESSOR 1,Vice-diretor,1
663,2024,664,MAGALHAES BASTOS,PROFESSOR 1,,6
664,2024,665,MAGALHAES BASTOS,PROFESSOR 1,Apoio Pedagógico Diurno,1
665,2024,666,MAGALHAES BASTOS,PROFESSOR 1,Coordenador pedagógico,2
666,2024,667,MAGALHAES BASTOS,PROFESSOR 1,Diretor,1
667,2024,668,MAGALHAES BASTOS,PROFESSOR 1,em sala de aula,19
668,2024,669,MAGALHAES BASTOS,PROFESSOR 1,Outros,1
669,2024,670,MAGALHAES BASTOS,PROFESSOR 1,Professor Readaptado,3
670,2024,671,MAGALHAES BASTOS,PROFESSOR 1,Vice-diretor,1
671,2024,672,MANOEL ANTONIO DE FREITAS,PROFESSOR 1,Coordenador pedagógico,1
672,2024,673,MANOEL ANTONIO DE FREITAS,PROFESSOR 1,Diretor,1
673,2024,674,MANOEL ANTONIO DE FREITAS,PROFESSOR 1,em sala de aula,6
674,2024,675,MANOEL ANTONIO DE FREITAS,PROFESSOR 1,Professor Readaptado,1
675,2024,676,MANOEL ANTONIO DE FREITAS,PROFESSOR 1,Vice-diretor,1
676,2024,677,MANOEL ROLIM - ANEXO I,PROFESSOR 1,,3
677,2024,678,MANOEL ROLIM - ANEXO I,PROFESSOR 1,Assistente de direção,1
678,2024,679,MANOEL ROLIM - ANEXO I,PROFESSOR 1,Coordenador pedagógico,1
679,2024,680,MANOEL ROLIM - ANEXO I,PROFESSOR 1,Diretor,1
680,2024,681,MANOEL ROLIM - ANEXO I,PROFESSOR 1,em sala de aula,10
681,2024,682,MANOEL ROLIM - ANEXO I,PROFESSOR 1,Professor Readaptado,2
682,2024,683,MANOEL ROLIM - ANEXO I,PROFESSOR 1,Vice-diretor,1
683,2024,684,MARGARIDA DE SIQUEIRA PESSOA,PROFESSOR 1,,2
684,2024,685,MARGARIDA DE SIQUEIRA PESSOA,PROFESSOR 1,Assistente de direção,1
685,2024,686,MARGARIDA DE SIQUEIRA PESSOA,PROFESSOR 1,Coordenador pedagógico,1
686,2024,687,MARGARIDA DE SIQUEIRA PESSOA,PROFESSOR 1,Diretor,1
687,2024,688,MARGARIDA DE SIQUEIRA PESSOA,PROFESSOR 1,em sala de aula,7
688,2024,689,MARGARIDA DE SIQUEIRA PESSOA,PROFESSOR 1,Vice-diretor,1
689,2024,690,MARGARIDA SERPA COSSART,PROFESSOR 1,,3
690,2024,691,MARGARIDA SERPA COSSART,PROFESSOR 1,Apoio Pedagógico Diurno,1
691,2024,692,MARGARIDA SERPA COSSART,PROFESSOR 1,Coordenador pedagógico,1
692,2024,693,MARGARIDA SERPA COSSART,PROFESSOR 1,Diretor,1
693,2024,694,MARGARIDA SERPA COSSART,PROFESSOR 1,em sala de aula,9
694,2024,695,MARGARIDA SERPA COSSART,PROFESSOR 1,Vice-diretor,1
695,2024,696,MARIA ADELAIDE DE BARROS,PROFESSOR 1,,1
696,2024,697,MARIA ADELAIDE DE BARROS,PROFESSOR 1,Apoio Pedagógico Diurno,1
697,2024,698,MARIA ADELAIDE DE BARROS,PROFESSOR 1,Coordenador pedagógico,1
698,2024,699,MARIA ADELAIDE DE BARROS,PROFESSOR 1,Diretor,1
699,2024,700,MARIA ADELAIDE DE BARROS,PROFESSOR 1,em sala de aula,7
700,2024,701,MARIA ADELAIDE DE BARROS,PROFESSOR 1,Vice-diretor,1
701,2024,702,MARIO MELO,PROFESSOR 1,,4
702,2024,703,MARIO MELO,PROFESSOR 1,Apoio Pedagógico Diurno,2
703,2024,704,MARIO MELO,PROFESSOR 1,Apoio Pedagógico Noturno,2
704,2024,705,MARIO MELO,PROFESSOR 1,Coordenador pedagógico,1
705,2024,706,MARIO MELO,PROFESSOR 1,Diretor,1
706,2024,707,MARIO MELO,PROFESSOR 1,em sala de aula,10
707,2024,708,MARIO MELO,PROFESSOR 1,Vice-diretor,1
708,2024,709,MARLUCE SANTIAGO DA SILVA - ANEXO I,PROFESSOR 1,,6
709,2024,710,MARLUCE SANTIAGO DA SILVA - ANEXO I,PROFESSOR 1,Apoio Pedagógico Diurno,2
710,2024,711,MARLUCE SANTIAGO DA SILVA - ANEXO I,PROFESSOR 1,Assistente de direção,1
711,2024,712,MARLUCE SANTIAGO DA SILVA - ANEXO I,PROFESSOR 1,Diretor,1
712,2024,713,MARLUCE SANTIAGO DA SILVA - ANEXO I,PROFESSOR 1,em sala de aula,14
713,2024,714,MARLUCE SANTIAGO DA SILVA - ANEXO I,PROFESSOR 1,Vice-diretor,1
714,2024,715,MAURICIO DE NASSAU,PROFESSOR 1,,4
715,2024,716,MAURICIO DE NASSAU,PROFESSOR 1,Coordenador pedagógico,1
716,2024,717,MAURICIO DE NASSAU,PROFESSOR 1,Diretor,1
717,2024,718,MAURICIO DE NASSAU,PROFESSOR 1,em sala de aula,8
718,2024,719,MAURICIO DE NASSAU,PROFESSOR 1,Vice-diretor,1
719,2024,720,MENINO JESUS,PROFESSOR 1,,1
720,2024,721,MENINO JESUS,PROFESSOR 1,Coordenador pedagógico,1
721,2024,722,MENINO JESUS,PROFESSOR 1,Diretor,1
722,2024,723,MENINO JESUS,PROFESSOR 1,em sala de aula,6
723,2024,724,MERCIA DE ALBUQUERQUE FERREIRA,PROFESSOR 1,,6
724,2024,725,MERCIA DE ALBUQUERQUE FERREIRA,PROFESSOR 1,Diretor,1
725,2024,726,MERCIA DE ALBUQUERQUE FERREIRA,PROFESSOR 1,em sala de aula,9
726,2024,727,MERCIA DE ALBUQUERQUE FERREIRA,PROFESSOR 1,Outros,2
727,2024,728,MERCIA DE ALBUQUERQUE FERREIRA,PROFESSOR 1,Professor Readaptado,1
728,2024,729,MERCIA DE ALBUQUERQUE FERREIRA,PROFESSOR 1,Vice-diretor,1
729,2024,730,MONSENHOR VIANA,PROFESSOR 1,,2
730,2024,731,MONSENHOR VIANA,PROFESSOR 1,Coordenador pedagógico,1
731,2024,732,MONSENHOR VIANA,PROFESSOR 1,Diretor,1
732,2024,733,MONSENHOR VIANA,PROFESSOR 1,em sala de aula,13
733,2024,734,MONSENHOR VIANA,PROFESSOR 1,Professor Readaptado,3
734,2024,735,MONSENHOR VIANA,PROFESSOR 1,Vice-diretor,1
735,2024,736,MONTEIRO LOBATO,PROFESSOR 1,,3
736,2024,737,MONTEIRO LOBATO,PROFESSOR 1,Coordenador pedagógico,1
737,2024,738,MONTEIRO LOBATO,PROFESSOR 1,Diretor,1
738,2024,739,MONTEIRO LOBATO,PROFESSOR 1,em sala de aula,14
739,2024,740,MONTEIRO LOBATO,PROFESSOR 1,Professor Readaptado,3
740,2024,741,MONTEIRO LOBATO,PROFESSOR 1,Vice-diretor,1
741,2024,742,MUNDO ESPERANCA,PROFESSOR 1,,3
742,2024,743,MUNDO ESPERANCA,PROFESSOR 1,Coordenador pedagógico,1
743,2024,744,MUNDO ESPERANCA,PROFESSOR 1,Diretor,1
744,2024,745,MUNDO ESPERANCA,PROFESSOR 1,em sala de aula,7
745,2024,746,MUNDO ESPERANCA,PROFESSOR 1,Professor Readaptado,1
746,2024,747,MUNDO ESPERANCA,PROFESSOR 1,Vice-diretor,1
747,2024,748,NOSSA SENHORA DA PENHA,PROFESSOR 1,,2
748,2024,749,NOSSA SENHORA DA PENHA,PROFESSOR 1,Coordenador pedagógico,1
749,2024,750,NOSSA SENHORA DA PENHA,PROFESSOR 1,Diretor,1
750,2024,751,NOSSA SENHORA DA PENHA,PROFESSOR 1,em sala de aula,9
751,2024,752,NOSSA SENHORA DA PENHA,PROFESSOR 1,Professor Readaptado,2
752,2024,753,NOSSA SENHORA DA PENHA,PROFESSOR 1,Vice-diretor,1
753,2024,754,NOSSA SENHORA DO PILAR,PROFESSOR 1,,2
754,2024,755,NOSSA SENHORA DO PILAR,PROFESSOR 1,Apoio Pedagógico Diurno,1
755,2024,756,NOSSA SENHORA DO PILAR,PROFESSOR 1,Coordenador pedagógico,1
756,2024,757,NOSSA SENHORA DO PILAR,PROFESSOR 1,Diretor,1
757,2024,758,NOSSA SENHORA DO PILAR,PROFESSOR 1,em sala de aula,10
758,2024,759,NOSSA SENHORA DO PILAR,PROFESSOR 1,Professor Readaptado,1
759,2024,760,NOSSA SENHORA DO PILAR,PROFESSOR 1,Vice-diretor,1
760,2024,761,NOVA AURORA,PROFESSOR 1,Diretor,1
761,2024,762,NOVA AURORA,PROFESSOR 1,em sala de aula,7
762,2024,763,NOVA AURORA,PROFESSOR 1,Vice-diretor,1
763,2024,764,NOVA DESCOBERTA,PROFESSOR 1,,4
764,2024,765,NOVA DESCOBERTA,PROFESSOR 1,Apoio Pedagógico Diurno,2
765,2024,766,NOVA DESCOBERTA,PROFESSOR 1,Apoio Pedagógico Noturno,1
766,2024,767,NOVA DESCOBERTA,PROFESSOR 1,Diretor,1
767,2024,768,NOVA DESCOBERTA,PROFESSOR 1,em sala de aula,14
768,2024,769,NOVA DESCOBERTA,PROFESSOR 1,Professor Readaptado,1
769,2024,770,NOVA DESCOBERTA,PROFESSOR 1,Vice-diretor,1
770,2024,771,NOVA MORADA - ANEXO I,PROFESSOR 1,,5
771,2024,772,NOVA MORADA - ANEXO I,PROFESSOR 1,Apoio Pedagógico Noturno,2
772,2024,773,NOVA MORADA - ANEXO I,PROFESSOR 1,Assistente de direção,1
773,2024,774,NOVA MORADA - ANEXO I,PROFESSOR 1,Coordenador pedagógico,1
774,2024,775,NOVA MORADA - ANEXO I,PROFESSOR 1,Diretor,1
775,2024,776,NOVA MORADA - ANEXO I,PROFESSOR 1,em sala de aula,20
776,2024,777,NOVA MORADA - ANEXO I,PROFESSOR 1,Professor Readaptado,2
777,2024,778,NOVA MORADA - ANEXO I,PROFESSOR 1,Vice-diretor,1
778,2024,779,NOVO HORIZONTE,PROFESSOR 1,,2
779,2024,780,NOVO HORIZONTE,PROFESSOR 1,Apoio Pedagógico Diurno,1
780,2024,781,NOVO HORIZONTE,PROFESSOR 1,em sala de aula,8
781,2024,782,NOVO HORIZONTE,PROFESSOR 1,Professor Readaptado,1
782,2024,783,NOVO MANGUE,PROFESSOR 1,,2
783,2024,784,NOVO MANGUE,PROFESSOR 1,Diretor,1
784,2024,785,NOVO MANGUE,PROFESSOR 1,em sala de aula,13
785,2024,786,NOVO MANGUE,PROFESSOR 1,Vice-diretor,1
786,2024,787,NOVO PINA,PROFESSOR 1,,3
787,2024,788,NOVO PINA,PROFESSOR 1,Apoio Pedagógico Diurno,1
788,2024,789,NOVO PINA,PROFESSOR 1,Assistente de direção,1
789,2024,790,NOVO PINA,PROFESSOR 1,Coordenador pedagógico,1
790,2024,791,NOVO PINA,PROFESSOR 1,Diretor,1
791,2024,792,NOVO PINA,PROFESSOR 1,em sala de aula,11
792,2024,793,NOVO PINA,PROFESSOR 1,Professor Readaptado,1
793,2024,794,NOVO PINA,PROFESSOR 1,Vice-diretor,1
794,2024,795,OCTAVIO DE MEIRA LINS,PROFESSOR 1,,6
795,2024,796,OCTAVIO DE MEIRA LINS,PROFESSOR 1,Assistente de direção,2
796,2024,797,OCTAVIO DE MEIRA LINS,PROFESSOR 1,Coordenador pedagógico,2
797,2024,798,OCTAVIO DE MEIRA LINS,PROFESSOR 1,Diretor,1
798,2024,799,OCTAVIO DE MEIRA LINS,PROFESSOR 1,em sala de aula,5
799,2024,800,OCTAVIO DE MEIRA LINS,PROFESSOR 1,Vice-diretor,1
800,2024,801,OLINDINA MONTEIRO DE OLIVEIRA FRANCA,PROFESSOR 1,,2
801,2024,802,OLINDINA MONTEIRO DE OLIVEIRA FRANCA,PROFESSOR 1,Coordenador pedagógico,1
802,2024,803,OLINDINA MONTEIRO DE OLIVEIRA FRANCA,PROFESSOR 1,Diretor,1
803,2024,804,OLINDINA MONTEIRO DE OLIVEIRA FRANCA,PROFESSOR 1,em sala de aula,11
804,2024,805,PADRE ANTONIO HENRIQUE - ANEXO I,PROFESSOR 1,Apoio Pedagógico Diurno,2
805,2024,806,PADRE ANTONIO HENRIQUE - ANEXO I,PROFESSOR 1,Apoio Pedagógico Noturno,1
806,2024,807,PADRE ANTONIO HENRIQUE - ANEXO I,PROFESSOR 1,Coordenador pedagógico,1
807,2024,808,PADRE ANTONIO HENRIQUE - ANEXO I,PROFESSOR 1,Diretor,1
808,2024,809,PADRE ANTONIO HENRIQUE - ANEXO I,PROFESSOR 1,em sala de aula,6
809,2024,810,PADRE ANTONIO HENRIQUE - ANEXO I,PROFESSOR 1,Professor Readaptado,3
810,2024,811,PADRE ANTONIO HENRIQUE - ANEXO I,PROFESSOR 1,Vice-diretor,1
811,2024,812,PADRE DONINO,PROFESSOR 1,Coordenador pedagógico,1
812,2024,813,PADRE DONINO,PROFESSOR 1,Diretor,1
813,2024,814,PADRE DONINO,PROFESSOR 1,em sala de aula,6
814,2024,815,PADRE DONINO,PROFESSOR 1,Vice-diretor,1
815,2024,816,PADRE JOSE DE ANCHIETA,PROFESSOR 1,,2
816,2024,817,PADRE JOSE DE ANCHIETA,PROFESSOR 1,Apoio Pedagógico Diurno,1
817,2024,818,PADRE JOSE DE ANCHIETA,PROFESSOR 1,Coordenador pedagógico,1
818,2024,819,PADRE JOSE DE ANCHIETA,PROFESSOR 1,Diretor,1
819,2024,820,PADRE JOSE DE ANCHIETA,PROFESSOR 1,em sala de aula,17
820,2024,821,PADRE JOSE DE ANCHIETA,PROFESSOR 1,Vice-diretor,1
821,2024,822,PADRE JOSE MATHIAS DELGADO,PROFESSOR 1,,1
822,2024,823,PADRE JOSE MATHIAS DELGADO,PROFESSOR 1,Apoio Pedagógico Diurno,1
823,2024,824,PADRE JOSE MATHIAS DELGADO,PROFESSOR 1,Apoio Pedagógico Noturno,2
824,2024,825,PADRE JOSE MATHIAS DELGADO,PROFESSOR 1,Coordenador pedagógico,1
825,2024,826,PADRE JOSE MATHIAS DELGADO,PROFESSOR 1,Diretor,1
826,2024,827,PADRE JOSE MATHIAS DELGADO,PROFESSOR 1,em sala de aula,10
827,2024,828,PADRE JOSE MATHIAS DELGADO,PROFESSOR 1,Vice-diretor,1
828,2024,829,PAIS E FILHOS,PROFESSOR 1,,2
829,2024,830,PAIS E FILHOS,PROFESSOR 1,Diretor,1
830,2024,831,PAIS E FILHOS,PROFESSOR 1,em sala de aula,11
831,2024,832,PAIS E FILHOS,PROFESSOR 1,Vice-diretor,1
832,2024,833,PAPA JOAO XXIII,PROFESSOR 1,,2
833,2024,834,PAPA JOAO XXIII,PROFESSOR 1,Coordenador pedagógico,1
834,2024,835,PAPA JOAO XXIII,PROFESSOR 1,Diretor,1
835,2024,836,PAPA JOAO XXIII,PROFESSOR 1,em sala de aula,8
836,2024,837,PAPA JOAO XXIII,PROFESSOR 1,Professor Readaptado,1
837,2024,838,PAPA JOAO XXIII,PROFESSOR 1,Vice-diretor,1
838,2024,839,PAROQUIAL CRISTO REI,PROFESSOR 1,,5
839,2024,840,PAROQUIAL CRISTO REI,PROFESSOR 1,Coordenador pedagógico,1
840,2024,841,PAROQUIAL CRISTO REI,PROFESSOR 1,Diretor,1
841,2024,842,PAROQUIAL CRISTO REI,PROFESSOR 1,em sala de aula,8
842,2024,843,PAROQUIAL CRISTO REI,PROFESSOR 1,Outros,1
843,2024,844,PAROQUIAL CRISTO REI,PROFESSOR 1,Professor Readaptado,3
844,2024,845,PAROQUIAL CRISTO REI,PROFESSOR 1,Vice-diretor,1
845,2024,846,PARQUE DOS MILAGRES - ANEXO II,PROFESSOR 1,,1
846,2024,847,PARQUE DOS MILAGRES - ANEXO II,PROFESSOR 1,Apoio Pedagógico Diurno,1
847,2024,848,PARQUE DOS MILAGRES - ANEXO II,PROFESSOR 1,Diretor,1
848,2024,849,PARQUE DOS MILAGRES - ANEXO II,PROFESSOR 1,em sala de aula,12
849,2024,850,PARQUE DOS MILAGRES - ANEXO II,PROFESSOR 1,Professor Readaptado,1
850,2024,851,PARQUE DOS MILAGRES - ANEXO II,PROFESSOR 1,Vice-diretor,1
851,2024,852,PASTOR JOSE MUNGUBA SOBRINHO,PROFESSOR 1,,3
852,2024,853,PASTOR JOSE MUNGUBA SOBRINHO,PROFESSOR 1,Coordenador pedagógico,1
853,2024,854,PASTOR JOSE MUNGUBA SOBRINHO,PROFESSOR 1,Diretor,1
854,2024,855,PASTOR JOSE MUNGUBA SOBRINHO,PROFESSOR 1,em sala de aula,8
855,2024,856,PASTOR JOSE MUNGUBA SOBRINHO,PROFESSOR 1,Professor Readaptado,2
856,2024,857,PASTOR JOSE MUNGUBA SOBRINHO,PROFESSOR 1,Vice-diretor,1
857,2024,858,PASTOR PAULO LEIVAS MACALAO,PROFESSOR 1,,1
858,2024,859,PASTOR PAULO LEIVAS MACALAO,PROFESSOR 1,Assistente de direção,1
859,2024,860,PASTOR PAULO LEIVAS MACALAO,PROFESSOR 1,Coordenador pedagógico,2
860,2024,861,PASTOR PAULO LEIVAS MACALAO,PROFESSOR 1,Diretor,1
861,2024,862,PASTOR PAULO LEIVAS MACALAO,PROFESSOR 1,em sala de aula,12
862,2024,863,PASTOR PAULO LEIVAS MACALAO,PROFESSOR 1,Outros,1
863,2024,864,PASTOR PAULO LEIVAS MACALAO,PROFESSOR 1,Professor Readaptado,3
864,2024,865,PASTOR PAULO LEIVAS MACALAO,PROFESSOR 1,Vice-diretor,1
865,2024,866,PEDRO ALCANTARA,PROFESSOR 1,Coordenador pedagógico,1
866,2024,867,PEDRO ALCANTARA,PROFESSOR 1,Diretor,1
867,2024,868,PEDRO ALCANTARA,PROFESSOR 1,em sala de aula,6
868,2024,869,PEDRO ALCANTARA,PROFESSOR 1,Professor Readaptado,1
869,2024,870,PEDRO ALCANTARA,PROFESSOR 1,Vice-diretor,1
870,2024,871,PINTOR LULA CARDOSO AYRES,PROFESSOR 1,,2
871,2024,872,PINTOR LULA CARDOSO AYRES,PROFESSOR 1,Coordenador pedagógico,1
872,2024,873,PINTOR LULA CARDOSO AYRES,PROFESSOR 1,Diretor,1
873,2024,874,PINTOR LULA CARDOSO AYRES,PROFESSOR 1,em sala de aula,7
874,2024,875,PINTOR LULA CARDOSO AYRES,PROFESSOR 1,Professor Readaptado,3
875,2024,876,PINTOR LULA CARDOSO AYRES,PROFESSOR 1,Vice-diretor,1
876,2024,877,POETA CARLOS PENA FILHO,PROFESSOR 1,,1
877,2024,878,POETA CARLOS PENA FILHO,PROFESSOR 1,Apoio Pedagógico Noturno,1
878,2024,879,POETA CARLOS PENA FILHO,PROFESSOR 1,Assistente de direção,1
879,2024,880,POETA CARLOS PENA FILHO,PROFESSOR 1,Coordenador pedagógico,1
880,2024,881,POETA CARLOS PENA FILHO,PROFESSOR 1,Diretor,1
881,2024,882,POETA CARLOS PENA FILHO,PROFESSOR 1,em sala de aula,9
882,2024,883,POETA CARLOS PENA FILHO,PROFESSOR 1,Professor Readaptado,5
883,2024,884,POETA CARLOS PENA FILHO,PROFESSOR 1,Vice-diretor,1
884,2024,885,POETA JOAO CABRAL DE MELO NETO,PROFESSOR 1,,3
885,2024,886,POETA JOAO CABRAL DE MELO NETO,PROFESSOR 1,Coordenador pedagógico,1
886,2024,887,POETA JOAO CABRAL DE MELO NETO,PROFESSOR 1,Diretor,1
887,2024,888,POETA JOAO CABRAL DE MELO NETO,PROFESSOR 1,em sala de aula,9
888,2024,889,POETA JOAO CABRAL DE MELO NETO,PROFESSOR 1,Professor Readaptado,2
889,2024,890,POETA JOAO CABRAL DE MELO NETO,PROFESSOR 1,Vice-diretor,1
890,2024,891,POETA PAULO BANDEIRA DA CRUZ,PROFESSOR 1,Coordenador pedagógico,1
891,2024,892,POETA PAULO BANDEIRA DA CRUZ,PROFESSOR 1,Diretor,1
892,2024,893,POETA PAULO BANDEIRA DA CRUZ,PROFESSOR 1,em sala de aula,12
893,2024,894,POETA PAULO BANDEIRA DA CRUZ,PROFESSOR 1,Vice-diretor,1
894,2024,895,POETA SOLANO TRINDADE,PROFESSOR 1,,3
895,2024,896,POETA SOLANO TRINDADE,PROFESSOR 1,Coordenador pedagógico,2
896,2024,897,POETA SOLANO TRINDADE,PROFESSOR 1,Diretor,1
897,2024,898,POETA SOLANO TRINDADE,PROFESSOR 1,em sala de aula,18
898,2024,899,POETA SOLANO TRINDADE,PROFESSOR 1,Vice-diretor,1
899,2024,900,PRESBITERO JOSE BEZERRA,PROFESSOR 1,,4
900,2024,901,PRESBITERO JOSE BEZERRA,PROFESSOR 1,Apoio Pedagógico Diurno,1
901,2024,902,PRESBITERO JOSE BEZERRA,PROFESSOR 1,Diretor,1
902,2024,903,PRESBITERO JOSE BEZERRA,PROFESSOR 1,em sala de aula,12
903,2024,904,PRESBITERO JOSE BEZERRA,PROFESSOR 1,Professor Readaptado,2
904,2024,905,PRESBITERO JOSE BEZERRA,PROFESSOR 1,Vice-diretor,1
905,2024,906,PROF ELIZABETH SALES COUTINHO BARROS,PROFESSOR 1,Apoio Pedagógico Diurno,1
906,2024,907,PROF ELIZABETH SALES COUTINHO BARROS,PROFESSOR 1,Coordenador pedagógico,1
907,2024,908,PROF ELIZABETH SALES COUTINHO BARROS,PROFESSOR 1,Diretor,1
908,2024,909,PROF ELIZABETH SALES COUTINHO BARROS,PROFESSOR 1,em sala de aula,8
909,2024,910,PROF ELIZABETH SALES COUTINHO BARROS,PROFESSOR 1,Vice-diretor,1
910,2024,911,PROF JANDIRA BOTELHO PEREIRA DA COSTA,PROFESSOR 1,,3
911,2024,912,PROF JANDIRA BOTELHO PEREIRA DA COSTA,PROFESSOR 1,Apoio Pedagógico Diurno,2
912,2024,913,PROF JANDIRA BOTELHO PEREIRA DA COSTA,PROFESSOR 1,Assistente de direção,1
913,2024,914,PROF JANDIRA BOTELHO PEREIRA DA COSTA,PROFESSOR 1,Coordenador pedagógico,1
914,2024,915,PROF JANDIRA BOTELHO PEREIRA DA COSTA,PROFESSOR 1,Diretor,1
915,2024,916,PROF JANDIRA BOTELHO PEREIRA DA COSTA,PROFESSOR 1,em sala de aula,15
916,2024,917,PROF JANDIRA BOTELHO PEREIRA DA COSTA,PROFESSOR 1,Professor Readaptado,1
917,2024,918,PROF JANDIRA BOTELHO PEREIRA DA COSTA,PROFESSOR 1,Vice-diretor,1
918,2024,919,PROF JOSE LOURENCO DE LIMA,PROFESSOR 1,,2
919,2024,920,PROF JOSE LOURENCO DE LIMA,PROFESSOR 1,Diretor,1
920,2024,921,PROF JOSE LOURENCO DE LIMA,PROFESSOR 1,em sala de aula,7
921,2024,922,PROF JOSE LOURENCO DE LIMA,PROFESSOR 1,Vice-diretor,1
922,2024,923,PROFESSOR ADAUTO PONTES,PROFESSOR 1,,3
923,2024,924,PROFESSOR ADAUTO PONTES,PROFESSOR 1,Apoio Pedagógico Diurno,1
924,2024,925,PROFESSOR ADAUTO PONTES,PROFESSOR 1,Diretor,1
925,2024,926,PROFESSOR ADAUTO PONTES,PROFESSOR 1,em sala de aula,5
926,2024,927,PROFESSOR ADAUTO PONTES,PROFESSOR 1,Professor Readaptado,1
927,2024,928,PROFESSOR ADAUTO PONTES,PROFESSOR 1,Vice-diretor,1
928,2024,929,PROFESSOR ANTONIO DE BRITO ALVES,PROFESSOR 1,,1
929,2024,930,PROFESSOR ANTONIO DE BRITO ALVES,PROFESSOR 1,Apoio Pedagógico Diurno,1
930,2024,931,PROFESSOR ANTONIO DE BRITO ALVES,PROFESSOR 1,Coordenador pedagógico,1
931,2024,932,PROFESSOR ANTONIO DE BRITO ALVES,PROFESSOR 1,Diretor,1
932,2024,933,PROFESSOR ANTONIO DE BRITO ALVES,PROFESSOR 1,em sala de aula,15
933,2024,934,PROFESSOR ENALDO MANOEL DE SOUZA,PROFESSOR 1,,2
934,2024,935,PROFESSOR ENALDO MANOEL DE SOUZA,PROFESSOR 1,Apoio Pedagógico Diurno,1
935,2024,936,PROFESSOR ENALDO MANOEL DE SOUZA,PROFESSOR 1,Assistente de direção,1
936,2024,937,PROFESSOR ENALDO MANOEL DE SOUZA,PROFESSOR 1,Coordenador pedagógico,2
937,2024,938,PROFESSOR ENALDO MANOEL DE SOUZA,PROFESSOR 1,Diretor,1
938,2024,939,PROFESSOR ENALDO MANOEL DE SOUZA,PROFESSOR 1,em sala de aula,15
939,2024,940,PROFESSOR ENALDO MANOEL DE SOUZA,PROFESSOR 1,Professor Readaptado,2
940,2024,941,PROFESSOR ENALDO MANOEL DE SOUZA,PROFESSOR 1,Vice-diretor,1
941,2024,942,PROFESSOR JOAO BATISTA LIPPO NETO,PROFESSOR 1,,2
942,2024,943,PROFESSOR JOAO BATISTA LIPPO NETO,PROFESSOR 1,Apoio Pedagógico Diurno,1
943,2024,944,PROFESSOR JOAO BATISTA LIPPO NETO,PROFESSOR 1,Coordenador pedagógico,1
944,2024,945,PROFESSOR JOAO BATISTA LIPPO NETO,PROFESSOR 1,Diretor,1
945,2024,946,PROFESSOR JOAO BATISTA LIPPO NETO,PROFESSOR 1,em sala de aula,7
946,2024,947,PROFESSOR JOAO BATISTA LIPPO NETO,PROFESSOR 1,Professor Readaptado,4
947,2024,948,PROFESSOR JOAO BATISTA LIPPO NETO,PROFESSOR 1,Vice-diretor,1
948,2024,949,PROFESSOR JOAO FRANCISCO DE SOUZA,PROFESSOR 1,Assistente de direção,1
949,2024,950,PROFESSOR JOAO FRANCISCO DE SOUZA,PROFESSOR 1,Coordenador pedagógico,1
950,2024,951,PROFESSOR JOAO FRANCISCO DE SOUZA,PROFESSOR 1,Diretor,1
951,2024,952,PROFESSOR JOAO FRANCISCO DE SOUZA,PROFESSOR 1,em sala de aula,10
952,2024,953,PROFESSOR JOAO FRANCISCO DE SOUZA,PROFESSOR 1,Outros,1
953,2024,954,PROFESSOR JOAO FRANCISCO DE SOUZA,PROFESSOR 1,Professor Readaptado,3
954,2024,955,PROFESSOR JOAO FRANCISCO DE SOUZA,PROFESSOR 1,Vice-diretor,1
955,2024,956,PROFESSOR JOSE DA COSTA PORTO,PROFESSOR 1,,4
956,2024,957,PROFESSOR JOSE DA COSTA PORTO,PROFESSOR 1,Apoio Pedagógico Noturno,1
957,2024,958,PROFESSOR JOSE DA COSTA PORTO,PROFESSOR 1,Assistente de direção,1
958,2024,959,PROFESSOR JOSE DA COSTA PORTO,PROFESSOR 1,Diretor,1
959,2024,960,PROFESSOR JOSE DA COSTA PORTO,PROFESSOR 1,em sala de aula,6
960,2024,961,PROFESSOR JOSE DA COSTA PORTO,PROFESSOR 1,Vice-diretor,1
961,2024,962,PROFESSOR JOSE SOARES DA SILVA,PROFESSOR 1,,2
962,2024,963,PROFESSOR JOSE SOARES DA SILVA,PROFESSOR 1,Apoio Pedagógico Diurno,1
963,2024,964,PROFESSOR JOSE SOARES DA SILVA,PROFESSOR 1,Apoio Pedagógico Noturno,1
964,2024,965,PROFESSOR JOSE SOARES DA SILVA,PROFESSOR 1,Coordenador pedagógico,2
965,2024,966,PROFESSOR JOSE SOARES DA SILVA,PROFESSOR 1,Diretor,1
966,2024,967,PROFESSOR JOSE SOARES DA SILVA,PROFESSOR 1,em sala de aula,11
967,2024,968,PROFESSOR JOSE SOARES DA SILVA,PROFESSOR 1,Vice-diretor,1
968,2024,969,PROFESSOR JULIO DE OLIVEIRA,PROFESSOR 1,,3
969,2024,970,PROFESSOR JULIO DE OLIVEIRA,PROFESSOR 1,Assistente de direção,1
970,2024,971,PROFESSOR JULIO DE OLIVEIRA,PROFESSOR 1,Diretor,1
971,2024,972,PROFESSOR JULIO DE OLIVEIRA,PROFESSOR 1,em sala de aula,11
972,2024,973,PROFESSOR JULIO DE OLIVEIRA,PROFESSOR 1,Outros,1
973,2024,974,PROFESSOR JULIO DE OLIVEIRA,PROFESSOR 1,Professor Readaptado,1
974,2024,975,PROFESSOR JULIO DE OLIVEIRA,PROFESSOR 1,Vice-diretor,1
975,2024,976,PROFESSOR MANOEL TORRES,PROFESSOR 1,Assistente de direção,1
976,2024,977,PROFESSOR MANOEL TORRES,PROFESSOR 1,Coordenador pedagógico,1
977,2024,978,PROFESSOR MANOEL TORRES,PROFESSOR 1,Diretor,1
978,2024,979,PROFESSOR MANOEL TORRES,PROFESSOR 1,em sala de aula,17
979,2024,980,PROFESSOR MANOEL TORRES,PROFESSOR 1,Outros,3
980,2024,981,PROFESSOR MANOEL TORRES,PROFESSOR 1,Professor Readaptado,2
981,2024,982,PROFESSOR MANOEL TORRES,PROFESSOR 1,Vice-diretor,1
982,2024,983,PROFESSOR MAURO MOTA,PROFESSOR 1,,2
983,2024,984,PROFESSOR MAURO MOTA,PROFESSOR 1,Diretor,1
984,2024,985,PROFESSOR MAURO MOTA,PROFESSOR 1,em sala de aula,8
985,2024,986,PROFESSOR MOACYR DE ALBUQUERQUE,PROFESSOR 1,,2
986,2024,987,PROFESSOR MOACYR DE ALBUQUERQUE,PROFESSOR 1,Coordenador pedagógico,1
987,2024,988,PROFESSOR MOACYR DE ALBUQUERQUE,PROFESSOR 1,Diretor,1
988,2024,989,PROFESSOR MOACYR DE ALBUQUERQUE,PROFESSOR 1,em sala de aula,7
989,2024,990,PROFESSOR MOACYR DE ALBUQUERQUE,PROFESSOR 1,Professor Readaptado,1
990,2024,991,PROFESSOR MOACYR DE ALBUQUERQUE,PROFESSOR 1,Vice-diretor,1
991,2024,992,PROFESSOR ORLANDO PARAHYM,PROFESSOR 1,Coordenador pedagógico,1
992,2024,993,PROFESSOR ORLANDO PARAHYM,PROFESSOR 1,Diretor,1
993,2024,994,PROFESSOR ORLANDO PARAHYM,PROFESSOR 1,em sala de aula,8
994,2024,995,PROFESSOR ORLANDO PARAHYM,PROFESSOR 1,Vice-diretor,1
995,2024,996,PROFESSOR POTIGUAR MATOS,PROFESSOR 1,,3
996,2024,997,PROFESSOR POTIGUAR MATOS,PROFESSOR 1,Apoio Pedagógico Diurno,1
997,2024,998,PROFESSOR POTIGUAR MATOS,PROFESSOR 1,Coordenador pedagógico,1
998,2024,999,PROFESSOR POTIGUAR MATOS,PROFESSOR 1,Diretor,1
999,2024,1000,PROFESSOR POTIGUAR MATOS,PROFESSOR 1,em sala de aula,10
1000,2024,1001,PROFESSOR POTIGUAR MATOS,PROFESSOR 1,Professor Readaptado,1
1001,2024,1002,PROFESSOR POTIGUAR MATOS,PROFESSOR 1,Vice-diretor,1
1002,2024,1003,PROFESSOR RICARDO GAMA,PROFESSOR 1,,3
1003,2024,1004,PROFESSOR RICARDO GAMA,PROFESSOR 1,Coordenador pedagógico,1
1004,2024,1005,PROFESSOR RICARDO GAMA,PROFESSOR 1,Diretor,1
1005,2024,1006,PROFESSOR RICARDO GAMA,PROFESSOR 1,em sala de aula,14
1006,2024,1007,PROFESSOR RICARDO GAMA,PROFESSOR 1,Professor Readaptado,2
1007,2024,1008,PROFESSOR RICARDO GAMA,PROFESSOR 1,Vice-diretor,1
1008,2024,1009,PROFESSOR SIMOES BARBOSA,PROFESSOR 1,,4
1009,2024,1010,PROFESSOR SIMOES BARBOSA,PROFESSOR 1,Coordenador pedagógico,1
1010,2024,1011,PROFESSOR SIMOES BARBOSA,PROFESSOR 1,Diretor,1
1011,2024,1012,PROFESSOR SIMOES BARBOSA,PROFESSOR 1,em sala de aula,15
1012,2024,1013,PROFESSOR SIMOES BARBOSA,PROFESSOR 1,Professor Readaptado,2
1013,2024,1014,PROFESSOR SIMOES BARBOSA,PROFESSOR 1,Vice-diretor,1
1014,2024,1015,PROFESSOR SOLANO MAGALHAES,PROFESSOR 1,,1
1015,2024,1016,PROFESSOR SOLANO MAGALHAES,PROFESSOR 1,Coordenador pedagógico,1
1016,2024,1017,PROFESSOR SOLANO MAGALHAES,PROFESSOR 1,Diretor,1
1017,2024,1018,PROFESSOR SOLANO MAGALHAES,PROFESSOR 1,em sala de aula,13
1018,2024,1019,PROFESSOR SOLANO MAGALHAES,PROFESSOR 1,Outros,1
1019,2024,1020,PROFESSOR SOLANO MAGALHAES,PROFESSOR 1,Vice-diretor,1
1020,2024,1021,PROFESSORA ALMERINDA UMBELINO DE BARROS,PROFESSOR 1,,1
1021,2024,1022,PROFESSORA ALMERINDA UMBELINO DE BARROS,PROFESSOR 1,Assistente de direção,1
1022,2024,1023,PROFESSORA ALMERINDA UMBELINO DE BARROS,PROFESSOR 1,Diretor,1
1023,2024,1024,PROFESSORA ALMERINDA UMBELINO DE BARROS,PROFESSOR 1,em sala de aula,8
1024,2024,1025,PROFESSORA ALMERINDA UMBELINO DE BARROS,PROFESSOR 1,Vice-diretor,1
1025,2024,1026,PROFESSORA MARIA DA PAZ BRANDAO ALVES,PROFESSOR 1,,5
1026,2024,1027,PROFESSORA MARIA DA PAZ BRANDAO ALVES,PROFESSOR 1,Coordenador pedagógico,1
1027,2024,1028,PROFESSORA MARIA DA PAZ BRANDAO ALVES,PROFESSOR 1,Diretor,1
1028,2024,1029,PROFESSORA MARIA DA PAZ BRANDAO ALVES,PROFESSOR 1,em sala de aula,15
1029,2024,1030,PROFESSORA MARIA DA PAZ BRANDAO ALVES,PROFESSOR 1,Professor Readaptado,3
1030,2024,1031,PROFESSORA PRIMITIVA DE BARROS SILVA,PROFESSOR 1,,2
1031,2024,1032,PROFESSORA PRIMITIVA DE BARROS SILVA,PROFESSOR 1,Coordenador pedagógico,1
1032,2024,1033,PROFESSORA PRIMITIVA DE BARROS SILVA,PROFESSOR 1,em sala de aula,9
1033,2024,1034,PROFESSORA PRIMITIVA DE BARROS SILVA,PROFESSOR 1,Professor Readaptado,1
1034,2024,1035,PROFESSORA PRIMITIVA DE BARROS SILVA,PROFESSOR 1,Vice-diretor,1
1035,2024,1036,PROFESSORA SONIA MARIA DE ARAUJO SOUZA,PROFESSOR 1,,2
1036,2024,1037,PROFESSORA SONIA MARIA DE ARAUJO SOUZA,PROFESSOR 1,Assistente de direção,1
1037,2024,1038,PROFESSORA SONIA MARIA DE ARAUJO SOUZA,PROFESSOR 1,Coordenador pedagógico,1
1038,2024,1039,PROFESSORA SONIA MARIA DE ARAUJO SOUZA,PROFESSOR 1,Diretor,1
1039,2024,1040,PROFESSORA SONIA MARIA DE ARAUJO SOUZA,PROFESSOR 1,em sala de aula,11
1040,2024,1041,PROFESSORA SONIA MARIA DE ARAUJO SOUZA,PROFESSOR 1,Professor Readaptado,1
1041,2024,1042,PROFESSORA SONIA MARIA DE ARAUJO SOUZA,PROFESSOR 1,Vice-diretor,1
1042,2024,1043,RENATO ACCIOLY CARNEIRO CAMPOS,PROFESSOR 1,,1
1043,2024,1044,RENATO ACCIOLY CARNEIRO CAMPOS,PROFESSOR 1,Diretor,1
1044,2024,1045,RENATO ACCIOLY CARNEIRO CAMPOS,PROFESSOR 1,em sala de aula,5
1045,2024,1046,RENATO ACCIOLY CARNEIRO CAMPOS,PROFESSOR 1,Vice-diretor,1
1046,2024,1047,ROZEMAR DE MACEDO LIMA,PROFESSOR 1,,2
1047,2024,1048,ROZEMAR DE MACEDO LIMA,PROFESSOR 1,Apoio Pedagógico Noturno,1
1048,2024,1049,ROZEMAR DE MACEDO LIMA,PROFESSOR 1,Diretor,1
1049,2024,1050,ROZEMAR DE MACEDO LIMA,PROFESSOR 1,em sala de aula,9
1050,2024,1051,ROZEMAR DE MACEDO LIMA,PROFESSOR 1,Professor Readaptado,5
1051,2024,1052,ROZEMAR DE MACEDO LIMA,PROFESSOR 1,Vice-diretor,1
1052,2024,1053,SANTA CECILIA,PROFESSOR 1,,5
1053,2024,1054,SANTA CECILIA,PROFESSOR 1,Apoio Pedagógico Diurno,2
1054,2024,1055,SANTA CECILIA,PROFESSOR 1,Apoio Pedagógico Noturno,1
1055,2024,1056,SANTA CECILIA,PROFESSOR 1,Coordenador pedagógico,1
1056,2024,1057,SANTA CECILIA,PROFESSOR 1,Diretor,1
1057,2024,1058,SANTA CECILIA,PROFESSOR 1,em sala de aula,13
1058,2024,1059,SANTA CECILIA,PROFESSOR 1,Professor Readaptado,3
1059,2024,1060,SANTA CECILIA,PROFESSOR 1,Vice-diretor,1
1060,2024,1061,SANTA EDWIGES,PROFESSOR 1,,3
1061,2024,1062,SANTA EDWIGES,PROFESSOR 1,Coordenador pedagógico,1
1062,2024,1063,SANTA EDWIGES,PROFESSOR 1,Diretor,1
1063,2024,1064,SANTA EDWIGES,PROFESSOR 1,em sala de aula,6
1064,2024,1065,SANTA EDWIGES,PROFESSOR 1,Vice-diretor,1
1065,2024,1066,SANTA LUZIA,PROFESSOR 1,Diretor,1
1066,2024,1067,SANTA LUZIA,PROFESSOR 1,em sala de aula,7
1067,2024,1068,SANTA LUZIA,PROFESSOR 1,Professor Readaptado,3
1068,2024,1069,SANTA LUZIA,PROFESSOR 1,Vice-diretor,1
1069,2024,1070,SANTA MARIA,PROFESSOR 1,,5
1070,2024,1071,SANTA MARIA,PROFESSOR 1,Apoio Pedagógico Noturno,1
1071,2024,1072,SANTA MARIA,PROFESSOR 1,Diretor,1
1072,2024,1073,SANTA MARIA,PROFESSOR 1,em sala de aula,10
1073,2024,1074,SANTA MARIA,PROFESSOR 1,Professor Readaptado,1
1074,2024,1075,SANTA MARIA,PROFESSOR 1,Vice-diretor,1
1075,2024,1076,SANTA MARIA GORETTI,PROFESSOR 1,,2
1076,2024,1077,SANTA MARIA GORETTI,PROFESSOR 1,Coordenador pedagógico,1
1077,2024,1078,SANTA MARIA GORETTI,PROFESSOR 1,Diretor,1
1078,2024,1079,SANTA MARIA GORETTI,PROFESSOR 1,em sala de aula,11
1079,2024,1080,SANTA MARIA GORETTI,PROFESSOR 1,Outros,1
1080,2024,1081,SANTA MARIA GORETTI,PROFESSOR 1,Vice-diretor,1
1081,2024,1082,SANTO AMARO,PROFESSOR 1,,8
1082,2024,1083,SANTO AMARO,PROFESSOR 1,Apoio Pedagógico Diurno,3
1083,2024,1084,SANTO AMARO,PROFESSOR 1,Apoio Pedagógico Noturno,1
1084,2024,1085,SANTO AMARO,PROFESSOR 1,Coordenador pedagógico,1
1085,2024,1086,SANTO AMARO,PROFESSOR 1,Diretor,1
1086,2024,1087,SANTO AMARO,PROFESSOR 1,em sala de aula,10
1087,2024,1088,SANTO AMARO,PROFESSOR 1,Professor Readaptado,1
1088,2024,1089,SANTO AMARO,PROFESSOR 1,Vice-diretor,1
1089,2024,1090,SANTO ANTONIO DO CACOTE,PROFESSOR 1,,5
1090,2024,1091,SANTO ANTONIO DO CACOTE,PROFESSOR 1,Coordenador pedagógico,1
1091,2024,1092,SANTO ANTONIO DO CACOTE,PROFESSOR 1,Diretor,1
1092,2024,1093,SANTO ANTONIO DO CACOTE,PROFESSOR 1,em sala de aula,9
1093,2024,1094,SAO DOMINGOS,PROFESSOR 1,,9
1094,2024,1095,SAO DOMINGOS,PROFESSOR 1,Apoio Pedagógico Diurno,1
1095,2024,1096,SAO DOMINGOS,PROFESSOR 1,Coordenador pedagógico,1
1096,2024,1097,SAO DOMINGOS,PROFESSOR 1,Diretor,1
1097,2024,1098,SAO DOMINGOS,PROFESSOR 1,em sala de aula,6
1098,2024,1099,SAO DOMINGOS,PROFESSOR 1,Professor Readaptado,2
1099,2024,1100,SAO DOMINGOS,PROFESSOR 1,Vice-diretor,1
1100,2024,1101,SAO FRANCISCO DE ASSIS,PROFESSOR 1,,4
1101,2024,1102,SAO FRANCISCO DE ASSIS,PROFESSOR 1,Assistente de direção,1
1102,2024,1103,SAO FRANCISCO DE ASSIS,PROFESSOR 1,Coordenador pedagógico,1
1103,2024,1104,SAO FRANCISCO DE ASSIS,PROFESSOR 1,Diretor,1
1104,2024,1105,SAO FRANCISCO DE ASSIS,PROFESSOR 1,em sala de aula,13
1105,2024,1106,SAO FRANCISCO DE ASSIS,PROFESSOR 1,Professor Readaptado,2
1106,2024,1107,SAO FRANCISCO DE ASSIS,PROFESSOR 1,Vice-diretor,1
1107,2024,1108,SAO JOAO BATISTA,PROFESSOR 1,,2
1108,2024,1109,SAO JOAO BATISTA,PROFESSOR 1,Assistente de direção,1
1109,2024,1110,SAO JOAO BATISTA,PROFESSOR 1,Coordenador pedagógico,1
1110,2024,1111,SAO JOAO BATISTA,PROFESSOR 1,Diretor,1
1111,2024,1112,SAO JOAO BATISTA,PROFESSOR 1,em sala de aula,10
1112,2024,1113,SAO JOAO BATISTA,PROFESSOR 1,Vice-diretor,1
1113,2024,1114,SEDE DA SABEDORIA,PROFESSOR 1,,7
1114,2024,1115,SEDE DA SABEDORIA,PROFESSOR 1,Assistente de direção,1
1115,2024,1116,SEDE DA SABEDORIA,PROFESSOR 1,Coordenador pedagógico,1
1116,2024,1117,SEDE DA SABEDORIA,PROFESSOR 1,Diretor,1
1117,2024,1118,SEDE DA SABEDORIA,PROFESSOR 1,em sala de aula,17
1118,2024,1119,SEDE DA SABEDORIA,PROFESSOR 1,Vice-diretor,1
1119,2024,1120,SENADOR JOSE ERMIRIO DE MORAES,PROFESSOR 1,,2
1120,2024,1121,SENADOR JOSE ERMIRIO DE MORAES,PROFESSOR 1,Apoio Pedagógico Diurno,2
1121,2024,1122,SENADOR JOSE ERMIRIO DE MORAES,PROFESSOR 1,Apoio Pedagógico Noturno,1
1122,2024,1123,SENADOR JOSE ERMIRIO DE MORAES,PROFESSOR 1,Diretor,1
1123,2024,1124,SENADOR JOSE ERMIRIO DE MORAES,PROFESSOR 1,em sala de aula,12
1124,2024,1125,SENADOR JOSE ERMIRIO DE MORAES,PROFESSOR 1,Vice-diretor,1
1125,2024,1126,SERRA DA PRATA,PROFESSOR 1,,1
1126,2024,1127,SERRA DA PRATA,PROFESSOR 1,Coordenador pedagógico,1
1127,2024,1128,SERRA DA PRATA,PROFESSOR 1,Diretor,1
1128,2024,1129,SERRA DA PRATA,PROFESSOR 1,em sala de aula,6
1129,2024,1130,SERRA DA PRATA,PROFESSOR 1,Professor Readaptado,1
1130,2024,1131,SERRA DA PRATA,PROFESSOR 1,Vice-diretor,1
1131,2024,1132,SERVICO SOCIAL DE BELEM,PROFESSOR 1,,1
1132,2024,1133,SERVICO SOCIAL DE BELEM,PROFESSOR 1,Apoio Pedagógico Diurno,1
1133,2024,1134,SERVICO SOCIAL DE BELEM,PROFESSOR 1,Coordenador pedagógico,1
1134,2024,1135,SERVICO SOCIAL DE BELEM,PROFESSOR 1,Diretor,1
1135,2024,1136,SERVICO SOCIAL DE BELEM,PROFESSOR 1,em sala de aula,2
1136,2024,1137,SERVICO SOCIAL DE BELEM,PROFESSOR 1,Vice-diretor,1
1137,2024,1138,SEVERINA BERNADETE TEIXEIRA,PROFESSOR 1,,3
1138,2024,1139,SEVERINA BERNADETE TEIXEIRA,PROFESSOR 1,Diretor,1
1139,2024,1140,SEVERINA BERNADETE TEIXEIRA,PROFESSOR 1,em sala de aula,8
1140,2024,1141,SEVERINA BERNADETE TEIXEIRA,PROFESSOR 1,Vice-diretor,1
1141,2024,1142,SEVERINA LIRA,PROFESSOR 1,,1
1142,2024,1143,SEVERINA LIRA,PROFESSOR 1,Coordenador pedagógico,1
1143,2024,1144,SEVERINA LIRA,PROFESSOR 1,Diretor,1
1144,2024,1145,SEVERINA LIRA,PROFESSOR 1,em sala de aula,7
1145,2024,1146,SEVERINA LIRA,PROFESSOR 1,Professor Readaptado,4
1146,2024,1147,SEVERINA LIRA,PROFESSOR 1,Vice-diretor,1
1147,2024,1148,SITIO DO BERARDO,PROFESSOR 1,,2
1148,2024,1149,SITIO DO BERARDO,PROFESSOR 1,Coordenador pedagógico,1
1149,2024,1150,SITIO DO BERARDO,PROFESSOR 1,Diretor,1
1150,2024,1151,SITIO DO BERARDO,PROFESSOR 1,em sala de aula,11
1151,2024,1152,SITIO DO BERARDO,PROFESSOR 1,Outros,1
1152,2024,1153,SITIO DO BERARDO,PROFESSOR 1,Professor Readaptado,3
1153,2024,1154,SITIO DO BERARDO,PROFESSOR 1,Vice-diretor,1
1154,2024,1155,SITIO DO CEU,PROFESSOR 1,,2
1155,2024,1156,SITIO DO CEU,PROFESSOR 1,Apoio Pedagógico Diurno,1
1156,2024,1157,SITIO DO CEU,PROFESSOR 1,Coordenador pedagógico,1
1157,2024,1158,SITIO DO CEU,PROFESSOR 1,Diretor,1
1158,2024,1159,SITIO DO CEU,PROFESSOR 1,em sala de aula,7
1159,2024,1160,SITIO DO CEU,PROFESSOR 1,Vice-diretor,1
1160,2024,1161,SOCIOLOGO GILBERTO FREYRE,PROFESSOR 1,,3
1161,2024,1162,SOCIOLOGO GILBERTO FREYRE,PROFESSOR 1,Coordenador pedagógico,3
1162,2024,1163,SOCIOLOGO GILBERTO FREYRE,PROFESSOR 1,Diretor,1
1163,2024,1164,SOCIOLOGO GILBERTO FREYRE,PROFESSOR 1,em sala de aula,11
1164,2024,1165,SOCIOLOGO GILBERTO FREYRE,PROFESSOR 1,Outros,1
1165,2024,1166,SOCIOLOGO GILBERTO FREYRE,PROFESSOR 1,Professor Readaptado,3
1166,2024,1167,SOCIOLOGO GILBERTO FREYRE,PROFESSOR 1,Vice-diretor,1
1167,2024,1168,SOLDADO JOSE ANTONIO DO NASCIMENTO - ANEXO,PROFESSOR 1,,2
1168,2024,1169,SOLDADO JOSE ANTONIO DO NASCIMENTO - ANEXO,PROFESSOR 1,Coordenador pedagógico,1
1169,2024,1170,SOLDADO JOSE ANTONIO DO NASCIMENTO - ANEXO,PROFESSOR 1,Diretor,1
1170,2024,1171,SOLDADO JOSE ANTONIO DO NASCIMENTO - ANEXO,PROFESSOR 1,em sala de aula,8
1171,2024,1172,SOLDADO JOSE ANTONIO DO NASCIMENTO - ANEXO,PROFESSOR 1,Outros,3
1172,2024,1173,SOLDADO JOSE ANTONIO DO NASCIMENTO - ANEXO,PROFESSOR 1,Vice-diretor,1
1173,2024,1174,TRES CARNEIROS,PROFESSOR 1,,2
1174,2024,1175,TRES CARNEIROS,PROFESSOR 1,Diretor,1
1175,2024,1176,TRES CARNEIROS,PROFESSOR 1,em sala de aula,11
1176,2024,1177,TRES CARNEIROS,PROFESSOR 1,Professor Readaptado,1
1177,2024,1178,TRES CARNEIROS,PROFESSOR 1,Vice-diretor,1
1178,2024,1179,UR 05,PROFESSOR 1,Coordenador pedagógico,1
1179,2024,1180,UR 05,PROFESSOR 1,Diretor,1
1180,2024,1181,UR 05,PROFESSOR 1,em sala de aula,7
1181,2024,1182,UR 05,PROFESSOR 1,Professor Readaptado,1
1182,2024,1183,UR 05,PROFESSOR 1,Vice-diretor,1
1183,2024,1184,VILA OPERARIA DO RECIFE,PROFESSOR 1,Coordenador pedagógico,1
1184,2024,1185,VILA OPERARIA DO RECIFE,PROFESSOR 1,Diretor,1
1185,2024,1186,VILA OPERARIA DO RECIFE,PROFESSOR 1,em sala de aula,12
1186,2024,1187,VILA OPERARIA DO RECIFE,PROFESSOR 1,Professor Readaptado,1
1187,2024,1188,VILA OPERARIA DO RECIFE,PROFESSOR 1,Vice-diretor,1
1188,2024,1189,VILA SANTA LUZIA,PROFESSOR 1,Apoio Pedagógico Diurno,3
1189,2024,1190,VILA SANTA LUZIA,PROFESSOR 1,Coordenador pedagógico,1
1190,2024,1191,VILA SANTA LUZIA,PROFESSOR 1,Diretor,1
1191,2024,1192,VILA SANTA LUZIA,PROFESSOR 1,em sala de aula,20
1192,2024,1193,VILA SANTA LUZIA,PROFESSOR 1,Professor Readaptado,1
1193,2024,1194,VILA SANTA LUZIA,PROFESSOR 1,Vice-diretor,1
1194,2024,1195,VILA SAO MIGUEL,PROFESSOR 1,,2
1195,2024,1196,VILA SAO MIGUEL,PROFESSOR 1,Coordenador pedagógico,2
1196,2024,1197,VILA SAO MIGUEL,PROFESSOR 1,Diretor,1
1197,2024,1198,VILA SAO MIGUEL,PROFESSOR 1,em sala de aula,11
1198,2024,1199,VILA SAO MIGUEL,PROFESSOR 1,Professor Readaptado,2
1199,2024,1200,VILA SAO MIGUEL,PROFESSOR 1,Vice-diretor,1
1200,2024,1201,VIRGEM PODEROSA,PROFESSOR 1,,4
1201,2024,1202,VIRGEM PODEROSA,PROFESSOR 1,Apoio Pedagógico Diurno,2
1202,2024,1203,VIRGEM PODEROSA,PROFESSOR 1,Coordenador pedagógico,2
1203,2024,1204,VIRGEM PODEROSA,PROFESSOR 1,em sala de aula,10
1204,2024,1205,VIRGEM PODEROSA,PROFESSOR 1,Vice-diretor,1
1205,2024,1206,WALDEMAR VALENTE,PROFESSOR 1,,2
1206,2024,1207,WALDEMAR VALENTE,PROFESSOR 1,Apoio Pedagógico Diurno,1
1207,2024,1208,WALDEMAR VALENTE,PROFESSOR 1,Apoio Pedagógico Noturno,1
1208,2024,1209,WALDEMAR VALENTE,PROFESSOR 1,Coordenador pedagógico,1
1209,2024,1210,WALDEMAR VALENTE,PROFESSOR 1,Diretor,1
1210,2024,1211,WALDEMAR VALENTE,PROFESSOR 1,em sala de aula,10
1211,2024,1212,WALDEMAR VALENTE,PROFESSOR 1,Outros,2
1212,2024,1213,WALDEMAR VALENTE,PROFESSOR 1,Vice-diretor,1
1213,2024,1214,ZUMBI DOS PALMARES,PROFESSOR 1,,1
1214,2024,1215,ZUMBI DOS PALMARES,PROFESSOR 1,Apoio Pedagógico Diurno,4
1215,2024,1216,ZUMBI DOS PALMARES,PROFESSOR 1,Coordenador pedagógico,1
1216,2024,1217,ZUMBI DOS PALMARES,PROFESSOR 1,Diretor,1
1217,2024,1218,ZUMBI DOS PALMARES,PROFESSOR 1,em sala de aula,16
1218,2024,1219,ZUMBI DOS PALMARES,PROFESSOR 1,Vice-diretor,1
